safe_instance_id,past_tense_verb_rate,sentiment_pos,sentiment_neg,sentiment_neu,sentiment_compound,pov_first_rate,pov_second_rate,pov_third_rate,pov_dominant,concreteness_mean,concreteness_coverage,temporal_mention_rate,temporal_mention_count
inst_8a19f018aeb5cd85_0,0.0,0.365,0.0,0.635,0.9818,0.035714,0.011905,0.0,first,2.7318,0.8261,0.0,0
inst_07674afaf6952f79_1,0.1,0.055,0.302,0.643,-0.9552,0.0,0.0,0.016667,third,3.2024,0.9444,0.0,0
inst_bb2995f1272965ff_2,0.041667,0.124,0.067,0.81,0.6369,0.0,0.0,0.03125,third,3.3711,0.9211,0.0,0
inst_bc6923d20a046654_3,0.098592,0.064,0.136,0.801,-0.2617,0.0,0.0,0.0,none,3.4946,0.9333,0.028169,2
inst_f2bc022b2bcb0668_4,0.078652,0.17,0.034,0.796,0.9402,0.044944,0.0,0.022472,first,2.9486,0.973,0.0,0
inst_9715f3701a6f058c_5,0.1,0.146,0.0,0.854,0.5859,0.0,0.0,0.1,third,2.5529,0.9444,0.0,0
inst_33c156d5be8355a3_6,0.06,0.0,0.202,0.798,-0.8625,0.0,0.0,0.0,none,3.3726,1.0,0.04,2
inst_eb818f83d1e944c6_7,0.052632,0.0,0.0,1.0,0.0,0.0,0.0,0.026316,third,2.8025,1.0,0.0,0
inst_0f887acfa9e00da7_8,0.0,0.066,0.043,0.891,0.1027,0.0,0.0,0.045455,third,3.3677,1.0,0.0,0
inst_c6c4d485162e761d_9,0.021739,0.0,0.0,1.0,0.0,0.0,0.0,0.0,none,3.774,0.8333,0.021739,1
inst_2f5f05c0a25d1ca5_10,0.081633,0.036,0.184,0.78,-0.8248,0.0,0.0,0.020408,third,3.234,1.0,0.020408,1
inst_46d9aa68fca5d269_11,0.0,0.32,0.088,0.592,0.9579,0.068966,0.12069,0.0,second,2.7919,1.0,0.0,0
inst_e7e47de49985d9fd_12,0.039216,0.157,0.183,0.66,-0.5152,0.078431,0.0,0.058824,first,2.8255,0.9565,0.019608,1
inst_87e339c0a4325efe_13,0.022989,0.033,0.041,0.926,0.1027,0.08046,0.022989,0.022989,first,2.8848,0.9,0.0,0
inst_ba9d5cc665809294_14,0.020619,0.044,0.294,0.662,-0.9671,0.051546,0.051546,0.030928,first,2.5544,0.9412,0.0,0
inst_22b78960864b8d4f_15,0.027778,0.167,0.128,0.706,0.2944,0.0,0.018519,0.055556,third,2.8343,0.9787,0.0,0
inst_6ef621ec4bfa2cfd_16,0.035088,0.359,0.0,0.641,0.9568,0.087719,0.017544,0.017544,first,2.5238,1.0,0.0,0
inst_549fa1b6ad4dadb0_17,0.078947,0.028,0.021,0.952,0.2003,0.017544,0.008772,0.026316,third,2.939,0.975,0.035088,4
inst_11f143c2c5576471_18,0.0,0.144,0.043,0.813,0.8462,0.011364,0.011364,0.034091,third,2.6867,1.0,0.011364,1
inst_d754c5bf529d5bd9_19,0.037736,0.152,0.0,0.848,0.7469,0.09434,0.018868,0.0,first,3.2711,0.9048,0.018868,1
inst_72cc4f911569c2a2_20,0.0,0.0,0.0,1.0,0.0,0.0,0.0,0.0,none,3.1,1.0,0.0,0
inst_e1c48a519c235298_21,0.09434,0.051,0.053,0.896,-0.0258,0.09434,0.0,0.018868,first,3.2537,1.0,0.018868,1
inst_ac6c9a6216a5f2c3_22,0.056604,0.172,0.0,0.828,0.8173,0.037736,0.018868,0.018868,first,2.4806,0.9474,0.0,0
inst_9c821d7f471e51e3_23,0.052239,0.088,0.033,0.878,0.7187,0.029851,0.0,0.037313,third,2.9546,0.918,0.014925,2
inst_2b0dc415ffcba4b8_24,0.0,0.104,0.0,0.896,0.7978,0.0,0.010989,0.0,second,3.3589,0.9655,0.043956,4
inst_416c8d85ac918fa0_25,0.076923,0.045,0.0,0.955,0.3939,0.0,0.0,0.084615,third,2.818,1.0,0.038462,5
inst_842ce30e09c674f5_26,0.015625,0.179,0.049,0.772,0.8055,0.140625,0.0,0.078125,first,2.8588,0.963,0.03125,2
inst_2eff538fe835d017_27,0.070423,0.043,0.081,0.876,-0.3446,0.014085,0.0,0.042254,third,3.2252,0.9583,0.0,0
inst_4cd4e0232341d449_28,0.035088,0.299,0.045,0.656,0.9333,0.017544,0.0,0.0,first,2.5652,0.9688,0.0,0
inst_0a6972516e407e56_29,0.022472,0.044,0.16,0.796,-0.9199,0.067416,0.0,0.022472,first,3.3135,0.9688,0.011236,1
inst_fd2f20dc73621838_30,0.081633,0.102,0.045,0.853,0.4019,0.0,0.0,0.0,none,3.3604,0.8846,0.0,0
inst_4c7faa8fbd069a10_31,0.074627,0.048,0.121,0.831,-0.5574,0.0,0.014925,0.044776,third,3.0719,0.9,0.0,0
inst_a7705f957cb898b6_32,0.093333,0.113,0.0,0.887,0.7906,0.0,0.0,0.04,third,2.7862,1.0,0.013333,1
inst_303b0f72dacfe493_33,0.051724,0.189,0.087,0.725,0.7759,0.068966,0.0,0.034483,first,2.4819,0.875,0.034483,2
inst_b89ca2dd443ee660_34,0.05,0.12,0.186,0.694,-0.5994,0.0,0.0,0.0,none,2.7731,0.9412,0.05,4
inst_4dca67b30c7cf067_35,0.076923,0.241,0.0,0.759,0.9136,0.019231,0.0,0.019231,first,3.143,0.9643,0.0,0
inst_aadc60ee7f6ac710_36,0.051282,0.076,0.0,0.924,0.3182,0.0,0.025641,0.025641,second,2.8113,0.9375,0.051282,2
inst_6416f1e3147b13cb_37,0.075472,0.084,0.0,0.916,0.6249,0.0,0.0,0.018868,third,3.0214,0.875,0.018868,1
inst_ed50cc9193dd4ada_38,0.046512,0.0,0.055,0.945,-0.4767,0.0,0.0,0.05814,third,2.4565,0.9688,0.0,0
inst_c363ce1bc3e40d22_39,0.057692,0.0,0.0,1.0,0.0,0.0,0.0,0.115385,third,3.2657,0.9545,0.019231,1
inst_6acaa958ea22f71b_40,0.03125,0.049,0.221,0.73,-0.8442,0.03125,0.015625,0.0625,third,2.686,1.0,0.0,0
inst_ea4bd460280dc3e9_41,0.101695,0.0,0.068,0.932,-0.3818,0.0,0.0,0.0,none,3.1238,0.8077,0.067797,4
inst_ad8ad415395c3ca1_42,0.027397,0.088,0.0,0.912,0.7184,0.0,0.0,0.013699,third,3.6326,1.0,0.013699,1
inst_19cd17f74cf63f1b_43,0.0,0.053,0.037,0.91,-0.1068,0.018692,0.028037,0.037383,third,2.7833,0.9375,0.0,0
inst_442b1e2fdb08ebf0_44,0.064935,0.076,0.139,0.786,-0.5267,0.0,0.0,0.025974,third,3.2003,0.8824,0.012987,1
inst_e7edf3579f718661_45,0.093023,0.149,0.03,0.82,0.8625,0.0,0.0,0.023256,third,2.9011,1.0,0.0,0
inst_46b826a1a81f5a11_46,0.11828,0.0,0.045,0.955,-0.34,0.0,0.0,0.010753,third,3.7237,1.0,0.0,0
inst_2f25c97c2f639be6_47,0.021277,0.077,0.094,0.829,-0.1531,0.0,0.106383,0.021277,second,2.8992,0.9286,0.0,0
inst_e95e4224dcc2c4ef_48,0.08,0.185,0.125,0.69,0.2874,0.0,0.0,0.04,third,3.251,1.0,0.0,0
inst_5d9ca942b9a5edee_49,0.081633,0.115,0.0,0.885,0.5859,0.102041,0.0,0.040816,first,3.2089,0.95,0.0,0
inst_c283170d352a7147_50,0.094595,0.074,0.0,0.926,0.5994,0.013514,0.0,0.054054,third,2.8912,0.9412,0.0,0
inst_722f3f9c46054e51_51,0.013514,0.02,0.116,0.864,-0.7351,0.0,0.0,0.067568,third,2.8707,1.0,0.013514,1
inst_3cae718d83f79c4a_52,0.0,0.033,0.0,0.967,0.2023,0.0,0.0,0.0,none,3.6563,1.0,0.017241,1
inst_82f12452e80ca494_53,0.022727,0.126,0.127,0.747,0.2263,0.0,0.0,0.022727,third,2.68,1.0,0.011364,1
inst_c3644436a00940ae_54,0.0625,0.131,0.0,0.869,0.8103,0.0625,0.0,0.015625,first,3.2996,1.0,0.015625,1
inst_a2c22d039183a2d4_55,0.051724,0.197,0.0,0.803,0.9096,0.017241,0.0,0.103448,third,3.0295,0.9545,0.0,0
inst_f0f28538b3e3b9ea_56,0.037736,0.074,0.237,0.689,-0.8173,0.09434,0.0,0.018868,first,2.664,1.0,0.0,0
inst_cecdd8e37f4ff963_57,0.0,0.0,0.045,0.955,-0.4215,0.0,0.0,0.0,none,4.0,0.8421,0.059524,5
inst_0901f51c5397ac4a_58,0.049383,0.028,0.053,0.92,-0.4019,0.0,0.0,0.012346,third,3.8782,0.9167,0.049383,4
inst_312dbfa2baef95fd_59,0.0,0.101,0.203,0.696,-0.836,0.0,0.0,0.029851,third,2.9456,0.9643,0.0,0
inst_9527275bbb6d5af5_60,0.043103,0.074,0.067,0.859,0.1901,0.0,0.0,0.043103,third,3.1937,0.9808,0.008621,1
inst_ce42868fea0951e6_61,0.028846,0.19,0.0,0.81,0.9432,0.038462,0.0,0.067308,third,3.3632,0.9714,0.009615,1
inst_d1b02a5250ace09d_62,0.018182,0.026,0.145,0.828,-0.7096,0.127273,0.0,0.018182,first,2.8532,0.9565,0.018182,1
inst_3ffcf6db3118b733_63,0.01626,0.053,0.042,0.905,0.3182,0.01626,0.04065,0.01626,second,2.8453,0.9783,0.0,0
inst_2b59b3f3b8177ba3_64,0.101695,0.021,0.061,0.918,-0.4588,0.0,0.0,0.09322,third,3.4915,1.0,0.042373,5
inst_1ef8d286c841365e_65,0.041667,0.096,0.0,0.904,0.6597,0.013889,0.0,0.055556,third,3.4362,0.9714,0.013889,1
inst_d6064889d091c004_66,0.043478,0.0,0.129,0.871,-0.5983,0.108696,0.0,0.021739,first,2.868,1.0,0.021739,1
inst_6c7825dfe54c0d40_67,0.025641,0.0,0.061,0.939,-0.5994,0.0,0.0,0.008547,third,2.9783,0.8163,0.008547,1
inst_2ad1f7dd9123d2c3_68,0.0,0.321,0.057,0.622,0.9628,0.055556,0.0,0.018519,first,2.7373,1.0,0.018519,1
inst_23b693948ff49062_69,0.040541,0.087,0.0,0.913,0.7184,0.0,0.0,0.054054,third,2.9716,1.0,0.013514,1
inst_bc12332870dcfb59_70,0.0,0.288,0.0,0.712,0.9485,0.0,0.0,0.034483,third,2.8613,0.9375,0.034483,2
inst_32108a45c2fe52f9_71,0.064516,0.067,0.239,0.695,-0.9169,0.0,0.0,0.0,none,3.7343,0.9655,0.0,0
inst_45a213c096d00f81_72,0.072727,0.199,0.125,0.676,0.7351,0.0,0.0,0.090909,third,3.1518,0.8947,0.018182,1
inst_f126d0654a7790b6_73,0.020833,0.0,0.073,0.927,-0.296,0.020833,0.0,0.0,first,3.1617,0.8571,0.0625,3
inst_6939bf2896a61238_74,0.047059,0.0,0.18,0.82,-0.9222,0.0,0.0,0.011765,third,3.4005,0.9773,0.0,0
inst_be61a34fbef23dd3_75,0.0,0.113,0.0,0.887,0.5707,0.0,0.0,0.0,none,4.1241,0.9565,0.019608,1
inst_8b34d14516121dab_76,0.094828,0.054,0.129,0.817,-0.8437,0.094828,0.0,0.017241,first,3.3954,0.9811,0.017241,2
inst_9f57d7ce389989b1_77,0.147368,0.122,0.032,0.846,0.8328,0.052632,0.010526,0.021053,first,2.9432,1.0,0.0,0
inst_2e2c8a0b5d8c95ec_78,0.046875,0.124,0.0,0.876,0.7501,0.09375,0.0,0.015625,first,2.5016,1.0,0.03125,2
inst_467eb59713414a17_79,0.102041,0.101,0.069,0.829,0.5477,0.0,0.0,0.040816,third,3.6621,1.0,0.0,0
inst_1bba9ce9ecaefcf6_80,0.0625,0.189,0.074,0.737,0.6705,0.020833,0.0,0.041667,third,2.9732,0.9259,0.0,0
inst_c028c8673e04ed05_81,0.075758,0.036,0.02,0.944,0.2263,0.0,0.0,0.060606,third,3.24,0.9,0.0,0
inst_f94166ceba513c2e_82,0.051282,0.0,0.0,1.0,0.0,0.051282,0.0,0.012821,first,3.4819,0.9545,0.064103,5
inst_c443e49cb03378b4_83,0.051724,0.18,0.032,0.788,0.8467,0.0,0.086207,0.034483,second,3.1472,1.0,0.034483,2
inst_8f283d884eabb662_84,0.013699,0.101,0.0,0.899,0.9073,0.0,0.0,0.0,none,3.2037,0.95,0.041096,6
inst_92763aa6780c5912_85,0.011628,0.055,0.008,0.937,0.7939,0.023256,0.005814,0.011628,first,3.6103,0.96,0.0,0
inst_5935d489f872f4f4_86,0.095745,0.084,0.064,0.852,0.4215,0.095745,0.0,0.031915,first,2.9611,0.9474,0.031915,3
inst_390d3ec0ca2022dd_87,0.025316,0.03,0.0,0.97,0.2732,0.0,0.0,0.0,none,2.6253,1.0,0.0,0
inst_b56563301921347c_88,0.046875,0.0,0.0,1.0,0.0,0.0625,0.0,0.015625,first,2.7779,0.8636,0.03125,2
inst_e6377482b92742aa_89,0.041667,0.058,0.179,0.763,-0.7184,0.041667,0.0,0.0,first,2.7709,1.0,0.020833,1
inst_e9e9fc4cc3220e9e_90,0.0,0.167,0.032,0.802,0.935,0.055556,0.007937,0.0,first,3.1276,1.0,0.007937,1
inst_e584153c89d0d07f_91,0.026316,0.166,0.037,0.798,0.6369,0.078947,0.0,0.078947,first,2.2117,0.8,0.0,0
inst_11800aedbe30cc11_92,0.046154,0.0,0.07,0.93,-0.5994,0.0,0.0,0.046154,third,3.3792,0.9231,0.015385,1
inst_15fc8e9542aded94_93,0.037037,0.109,0.148,0.743,-0.2406,0.037037,0.018519,0.0,first,3.0619,0.7619,0.0,0
inst_5853aeb84e876e8f_94,0.066667,0.099,0.089,0.811,0.1779,0.005556,0.011111,0.022222,third,2.8657,1.0,0.011111,2
inst_caa188d0efe5f333_95,0.031056,0.058,0.032,0.91,0.5574,0.006211,0.0,0.037267,third,3.2811,0.942,0.012422,2
inst_01bd4f2a750d51c8_96,0.048387,0.163,0.029,0.808,0.831,0.032258,0.0,0.048387,third,3.0804,0.9583,0.0,0
inst_dd9ac0539715cdf7_97,0.0875,0.169,0.067,0.764,0.8555,0.0375,0.0,0.075,third,2.963,0.9677,0.0125,1
inst_d7ead80481d164f8_98,0.015504,0.089,0.0,0.911,0.8442,0.0,0.0,0.007752,third,3.0704,0.8846,0.0,0
inst_01e7a3a4bf892ebe_99,0.033333,0.151,0.036,0.813,0.9132,0.0,0.0,0.025,third,2.9492,1.0,0.016667,2
inst_f92843cbf2890959_100,0.021978,0.022,0.228,0.749,-0.9587,0.076923,0.0,0.032967,first,3.0281,1.0,0.021978,2
inst_bbcfad3a302a6a47_101,0.045455,0.0,0.0,1.0,0.0,0.0,0.0,0.045455,third,3.2875,0.8889,0.045455,2
inst_355d936515c3e52e_102,0.0,0.134,0.0,0.866,0.7227,0.0,0.042553,0.042553,second,3.68,0.8636,0.0,0
inst_70bab2c7b0251233_103,0.0,0.0,0.0,1.0,0.0,0.0,0.0,0.0,none,4.1996,0.963,0.0,0
inst_528bf216d87bb023_104,0.071429,0.021,0.08,0.898,-0.4588,0.089286,0.0,0.089286,first,3.69,1.0,0.0,0
inst_293bc38a8ab2a9fd_105,0.0625,0.229,0.0,0.771,0.7644,0.041667,0.0,0.0625,third,2.8191,0.9583,0.0,0
inst_df42deeb56609158_106,0.0,0.038,0.106,0.856,-0.6597,0.065934,0.010989,0.010989,first,2.7268,0.7586,0.0,0
inst_042b52c8a343b0f5_107,0.043478,0.066,0.0,0.934,0.594,0.043478,0.043478,0.014493,first,3.7011,0.9474,0.0,0
inst_d1326caf2899bdfb_108,0.0,0.0,0.118,0.882,-0.5267,0.0,0.0,0.0,none,4.0364,1.0,0.020833,1
inst_ba06222bb9fc7059_109,0.071429,0.034,0.032,0.934,0.0387,0.014286,0.0,0.071429,third,3.519,0.9355,0.057143,4
inst_78b276fc3e3e0e29_110,0.043478,0.0,0.092,0.908,-0.7003,0.0,0.014493,0.043478,third,2.5471,0.9333,0.0,0
inst_9e0effcb64e2c290_111,0.0,0.141,0.045,0.814,0.7767,0.0,0.079365,0.0,second,3.0654,0.8966,0.0,0
inst_0ab5e1484fdc9cd1_112,0.010638,0.037,0.015,0.948,0.4019,0.0,0.0,0.021277,third,3.5151,1.0,0.021277,2
inst_6f43cfb19249ec82_113,0.046154,0.0,0.057,0.943,-0.4753,0.0,0.0,0.092308,third,3.8161,0.9583,0.015385,1
inst_5c8e9854b68010df_114,0.0,0.065,0.0,0.935,0.4215,0.0,0.0,0.0,none,3.1773,0.8333,0.0,0
inst_2ed57bdd5c45a6c2_115,0.027778,0.232,0.151,0.616,0.7947,0.055556,0.013889,0.0,first,3.0594,1.0,0.013889,1
inst_7c2766b3267cf82c_116,0.015873,0.056,0.156,0.788,-0.6908,0.015873,0.0,0.0,first,3.3307,1.0,0.0,0
inst_450e29d735279ba8_117,0.083333,0.084,0.132,0.784,-0.5106,0.097222,0.0,0.083333,first,2.9072,0.8929,0.0,0
inst_77d9ed8890360906_118,0.047619,0.047,0.029,0.924,0.2263,0.063492,0.0,0.047619,first,2.6858,0.96,0.0,0
inst_beb14bdf3dd60fd4_119,0.09375,0.086,0.093,0.821,0.1724,0.125,0.0,0.078125,first,3.1963,0.95,0.0,0
inst_b38ba3060fd1b1d3_120,0.0,0.19,0.0,0.81,0.9349,0.02439,0.012195,0.0,first,3.4641,1.0,0.0,0
inst_519b7f1cdf0c6336_121,0.035714,0.036,0.0,0.964,0.4939,0.0,0.0,0.017857,third,3.0531,0.9412,0.026786,3
inst_230653008b8e2d02_122,0.0,0.129,0.0,0.871,0.7783,0.018868,0.056604,0.018868,second,3.1311,1.0,0.018868,1
inst_27144bea99a845ae_123,0.05,0.05,0.158,0.791,-0.7906,0.05,0.0,0.0,first,2.8608,0.9615,0.0,0
inst_8655b2f8748cc2d1_124,0.051724,0.0,0.0,1.0,0.0,0.0,0.0,0.017241,third,3.4562,0.9286,0.051724,3
inst_024b845f67b0980c_125,0.03,0.226,0.0,0.774,0.9677,0.0,0.0,0.01,third,2.9067,0.9767,0.02,2
inst_1741db402e03050a_126,0.037037,0.119,0.0,0.881,0.6908,0.037037,0.0,0.037037,first,2.7285,1.0,0.0,0
inst_3a21b0c4d6d46e87_127,0.063492,0.036,0.0,0.964,0.2144,0.047619,0.015873,0.063492,third,2.9296,1.0,0.0,0
inst_6ba8bdea60b7b2e5_128,0.06,0.0,0.053,0.947,-0.296,0.02,0.0,0.02,first,3.0218,0.9444,0.0,0
inst_a6afd658ff8e150b_129,0.034188,0.084,0.024,0.891,0.6369,0.0,0.0,0.017094,third,2.9143,0.931,0.008547,1
inst_6700590df6d947d2_130,0.106667,0.062,0.157,0.781,-0.7227,0.0,0.0,0.066667,third,2.873,1.0,0.04,3
inst_54f6df0e9fa479cf_131,0.086957,0.081,0.184,0.735,-0.4939,0.0,0.0,0.043478,third,2.4595,0.95,0.0,0
inst_0365023d18a8a792_132,0.082353,0.11,0.058,0.833,0.6728,0.0,0.0,0.011765,third,3.2446,1.0,0.0,0
inst_fc6f7c91d784380b_133,0.148936,0.138,0.204,0.658,-0.4767,0.021277,0.0,0.06383,third,2.9735,0.9444,0.0,0
inst_390b88d1a32ccbaa_134,0.009009,0.053,0.014,0.933,0.5859,0.0,0.0,0.081081,third,3.47,0.9535,0.009009,1
inst_b6c41a10e96567ad_135,0.070796,0.106,0.039,0.855,0.7783,0.017699,0.017699,0.061947,third,2.9294,1.0,0.0,0
inst_9daa786825bcc033_136,0.04902,0.117,0.0,0.883,0.8591,0.029412,0.0,0.029412,first,3.0287,0.9091,0.009804,1
inst_1e6fc298655f7059_137,0.055556,0.159,0.054,0.787,0.8971,0.0,0.0,0.009259,third,2.568,1.0,0.009259,1
inst_e24604ba4a1f12be_138,0.087719,0.0,0.148,0.852,-0.8316,0.0,0.0,0.052632,third,3.7667,1.0,0.0,0
inst_10409fb86c6f21d4_139,0.025,0.198,0.0,0.802,0.8349,0.075,0.0,0.025,first,2.7019,1.0,0.0,0
inst_b73002098d520146_140,0.022472,0.054,0.034,0.912,0.1531,0.0,0.011236,0.168539,third,3.1486,0.973,0.0,0
inst_9da50420bb2ebc21_141,0.053571,0.047,0.09,0.862,-0.2732,0.0,0.0,0.035714,third,3.0114,1.0,0.0,0
inst_9c4417ba2ed94bf3_142,0.051724,0.106,0.036,0.857,0.5893,0.0,0.0,0.0,none,2.914,0.8333,0.034483,2
inst_8d02c2d58bd3f256_143,0.065934,0.0,0.146,0.854,-0.9062,0.0,0.0,0.021978,third,3.365,1.0,0.010989,1
inst_38d4c44367559a26_144,0.049505,0.032,0.026,0.942,0.3612,0.0,0.0,0.039604,third,3.615,0.96,0.029703,3
inst_38522f222cae04bc_145,0.066667,0.072,0.051,0.877,0.2081,0.066667,0.033333,0.05,first,3.11,1.0,0.0,0
inst_0538402e3fcaf3c4_146,0.0,0.0,0.0,1.0,0.0,0.0,0.0,0.013333,third,3.484,0.8621,0.026667,2
inst_0a35399108cfcbf4_147,0.014286,0.0,0.0,1.0,0.0,0.0,0.0,0.0,none,3.2242,0.96,0.071429,5
inst_832c2d5eb829ed5b_148,0.129032,0.061,0.145,0.794,-0.6187,0.080645,0.0,0.080645,first,3.2385,1.0,0.0,0
inst_57209f61c01cac55_149,0.0,0.214,0.121,0.664,0.2023,0.027027,0.0,0.027027,first,3.2419,0.8889,0.0,0
inst_4e91e550fcf0cd71_150,0.018868,0.0,0.051,0.949,-0.296,0.0,0.0,0.037736,third,3.74,1.0,0.0,0
inst_7a79a72a390f12a4_151,0.067797,0.09,0.0,0.91,0.577,0.0,0.0,0.067797,third,3.688,0.9524,0.0,0
inst_f771cb0b1a20f8fe_152,0.061538,0.169,0.0,0.831,0.8671,0.061538,0.0,0.061538,first,2.9084,1.0,0.015385,1
inst_e19c07039385101b_153,0.011628,0.068,0.057,0.875,0.5994,0.0,0.0,0.011628,third,3.2584,1.0,0.0,0
inst_92388afd0e3b7cab_154,0.018868,0.204,0.0,0.796,0.8881,0.018868,0.018868,0.113208,third,2.618,1.0,0.0,0
inst_20123761da680746_155,0.010811,0.059,0.048,0.893,0.0222,0.021622,0.059459,0.07027,third,2.6418,1.0,0.005405,1
inst_2ecbc6bcab0d0c87_156,0.175439,0.103,0.0,0.897,0.5859,0.105263,0.0,0.070175,first,2.7233,1.0,0.017544,1
inst_ac620b50701faf6d_157,0.03125,0.345,0.032,0.623,0.9738,0.015625,0.0,0.0,first,3.205,1.0,0.015625,1
inst_53f5cabec96717fe_158,0.065574,0.076,0.0,0.924,0.5927,0.098361,0.0,0.016393,first,2.8017,1.0,0.04918,3
inst_07ff6e85fae599de_159,0.06383,0.137,0.019,0.844,0.9052,0.074468,0.010638,0.06383,first,3.0137,0.9677,0.0,0
inst_e41d2f0037892f07_160,0.070423,0.14,0.081,0.779,0.5023,0.0,0.014085,0.028169,third,3.3212,0.9231,0.014085,1
inst_6007a7a4330659b3_161,0.0,0.192,0.188,0.62,-0.1787,0.0,0.0,0.070175,third,3.0895,1.0,0.0,0
inst_ba7ef12815afa4f5_162,0.071429,0.082,0.0,0.918,0.4939,0.0,0.0,0.02381,third,3.0156,0.8571,0.0,0
inst_68763b7e9925ac57_163,0.084507,0.184,0.176,0.64,0.1761,0.112676,0.0,0.070423,first,2.5248,1.0,0.0,0
inst_14651d1a233c9d09_164,0.023256,0.0,0.185,0.815,-0.8271,0.0,0.0,0.046512,third,3.8317,0.6667,0.0,0
inst_6e24a105e2abe6ab_165,0.0,0.13,0.065,0.805,0.2732,0.0,0.0,0.0,none,3.2114,0.913,0.0,0
inst_14c7f2f6bb3fa0eb_166,0.067416,0.053,0.123,0.824,-0.6908,0.022472,0.0,0.0,first,3.5004,0.9333,0.033708,3
inst_89480455822b2326_167,0.045455,0.163,0.0,0.837,0.8779,0.030303,0.015152,0.075758,third,2.91,0.9231,0.030303,2
inst_5cd2e6760b2b2f62_168,0.032258,0.187,0.033,0.78,0.836,0.016129,0.0,0.032258,third,3.4484,1.0,0.0,0
inst_b59462447c28da35_169,0.045045,0.137,0.013,0.85,0.9169,0.009009,0.009009,0.063063,third,2.9308,0.975,0.0,0
inst_e2bc521b93218324_170,0.054545,0.154,0.0,0.846,0.7672,0.018182,0.0,0.036364,third,3.175,0.9231,0.0,0
inst_efb3c26b6a0357eb_171,0.0,0.043,0.034,0.923,0.2023,0.0,0.0,0.0,none,2.86,1.0,0.089286,15
inst_215a42a9a2206747_172,0.042254,0.146,0.044,0.809,0.7532,0.014085,0.0,0.014085,first,3.5982,1.0,0.028169,2
inst_f079bbac251a596c_173,0.044944,0.115,0.016,0.869,0.8126,0.011236,0.0,0.179775,third,3.3348,1.0,0.0,0
inst_d67a66a91bf577a8_174,0.064516,0.0,0.0,1.0,0.0,0.0,0.0,0.048387,third,3.2126,1.0,0.016129,1
inst_8a73e439435ffe19_175,0.073529,0.186,0.207,0.607,0.0772,0.014706,0.014706,0.073529,third,2.78,1.0,0.0,0
inst_a36a1f7ee9ac2e3d_176,0.119048,0.027,0.019,0.954,0.1323,0.011905,0.0,0.083333,third,2.95,0.9412,0.0,0
inst_df23ae74a06dc2f8_177,0.071429,0.123,0.028,0.848,0.75,0.047619,0.0,0.095238,third,2.6974,0.92,0.0,0
inst_6b531a64f8a47151_178,0.013514,0.041,0.083,0.876,-0.3818,0.094595,0.013514,0.0,first,3.5378,1.0,0.027027,2
inst_7b6dab6ca8d44fe8_179,0.111111,0.0,0.0,1.0,0.0,0.0,0.0,0.055556,third,3.1975,0.8333,0.0,0
inst_efed6a963ba8d1aa_180,0.013333,0.057,0.142,0.801,-0.6903,0.04,0.0,0.026667,first,2.7348,1.0,0.013333,1
inst_d3eb66eb54f3a096_181,0.060606,0.043,0.0,0.957,0.3397,0.0,0.0,0.030303,third,3.0912,0.9286,0.030303,2
inst_bf749cfb6f73c4ee_182,0.057692,0.0,0.043,0.957,-0.25,0.0,0.0,0.057692,third,2.7774,0.95,0.019231,1
inst_cd562bcbb714195e_183,0.042254,0.038,0.023,0.939,0.2263,0.098592,0.014085,0.028169,first,3.2624,0.9615,0.0,0
inst_1b14a5abbe61ef4d_184,0.04,0.312,0.11,0.578,0.904,0.04,0.0,0.02,first,3.05,0.9048,0.06,3
inst_99f367ab2f1968e6_185,0.085366,0.148,0.035,0.817,0.8055,0.04878,0.012195,0.073171,third,3.0137,1.0,0.012195,1
inst_70fc33a90a7957bf_186,0.018519,0.3,0.0,0.7,0.937,0.074074,0.018519,0.037037,first,2.7262,0.8,0.018519,1
inst_df57c1875fa90a28_187,0.082192,0.062,0.0,0.938,0.4019,0.013699,0.041096,0.027397,second,3.0885,0.9643,0.0,0
inst_607692e4948390c6_188,0.041667,0.107,0.045,0.847,0.7227,0.0,0.0,0.020833,third,2.9841,0.9062,0.041667,4
inst_b42405945361d07e_189,0.046154,0.0,0.069,0.931,-0.5994,0.0,0.0,0.030769,third,3.2127,1.0,0.061538,4
inst_b8b5c8d58db225db_190,0.0,0.094,0.027,0.879,0.6369,0.0625,0.025,0.0,first,2.7758,1.0,0.0,0
inst_7d2f895b769077bf_191,0.057377,0.059,0.022,0.92,0.4215,0.0,0.0,0.04918,third,3.2084,0.8378,0.016393,2
inst_94744242f5ecd2c8_192,0.012987,0.037,0.0,0.963,0.296,0.012987,0.0,0.051948,third,3.4709,1.0,0.012987,1
inst_95ea7c3cfbb52acd_193,0.038462,0.13,0.023,0.847,0.8439,0.0,0.0,0.028846,third,3.0967,0.9767,0.009615,1
inst_98484deb69cd457c_194,0.088889,0.055,0.0,0.945,0.34,0.0,0.0,0.066667,third,3.4863,0.8889,0.0,0
inst_89008fe17728aaef_195,0.072727,0.111,0.0,0.889,0.4767,0.072727,0.018182,0.0,first,3.0911,0.8571,0.018182,1
inst_a7888d6db4e0f6b2_196,0.0,0.03,0.0,0.97,0.1901,0.0,0.0,0.042857,third,3.0577,1.0,0.028571,2
inst_ae56ed9ec9363ec4_197,0.061224,0.147,0.102,0.752,0.2617,0.010204,0.0,0.05102,third,3.2429,1.0,0.010204,1
inst_7b81f27dc636c32f_198,0.061856,0.096,0.027,0.877,0.7579,0.041237,0.0,0.0,first,3.021,1.0,0.030928,3
inst_b8a17f0424a0c68e_199,0.05,0.1,0.039,0.86,0.5267,0.0,0.0,0.016667,third,3.5822,0.9,0.033333,2
inst_2db83d872c717510_200,0.014493,0.12,0.051,0.829,0.631,0.0,0.028986,0.0,second,3.0278,0.9697,0.0,0
inst_a1125baba1cddc8d_201,0.028169,0.099,0.082,0.819,0.0516,0.084507,0.0,0.056338,first,2.7388,1.0,0.0,0
inst_2c0b329fb9229f5a_202,0.016393,0.0,0.029,0.971,-0.1511,0.0,0.0,0.032787,third,2.9544,0.8421,0.016393,1
inst_3d04d3e3df47f2f9_203,0.074074,0.224,0.0,0.776,0.886,0.0,0.0,0.018519,third,3.3095,1.0,0.018519,1
inst_5964ecd44f746ef1_204,0.0,0.099,0.0,0.901,0.6213,0.0,0.0,0.04,third,2.99,0.9565,0.02,1
inst_ff87e58297f5cecf_205,0.015625,0.02,0.019,0.961,0.0258,0.0,0.0,0.015625,third,2.9253,0.9714,0.007812,1
inst_ab59326df4ebfa37_206,0.040984,0.092,0.066,0.842,0.2732,0.02459,0.0,0.016393,first,2.67,0.9211,0.02459,3
inst_f100a273529f12fb_207,0.0375,0.16,0.032,0.807,0.8174,0.025,0.0,0.0375,third,3.2876,1.0,0.0125,1
inst_9052b9ea8e5ee4a6_208,0.016667,0.0,0.13,0.87,-0.7184,0.016667,0.0,0.0,first,3.0404,0.92,0.033333,2
inst_89b641974b1c609a_209,0.030303,0.226,0.085,0.689,0.8796,0.075758,0.0,0.090909,third,2.7473,0.7857,0.0,0
inst_2c577cbb81f5f1e5_210,0.047619,0.111,0.086,0.802,0.6597,0.0,0.0,0.028571,third,3.1416,1.0,0.019048,2
inst_dee37c939ae2f9ee_211,0.04918,0.103,0.0,0.897,0.636,0.098361,0.0,0.04918,first,2.6428,1.0,0.0,0
inst_25103abc5b669422_212,0.044444,0.068,0.172,0.761,-0.7118,0.022222,0.0,0.022222,first,3.56,1.0,0.022222,1
inst_874f6ba0aa0e72b9_213,0.0,0.283,0.0,0.717,0.891,0.0,0.0,0.08,third,3.3244,0.9474,0.0,0
inst_e04da75885f7c5b0_214,0.0,0.0,0.0,1.0,0.0,0.0,0.0,0.0,none,4.155,1.0,0.1,1
inst_c0f329a464d90663_215,0.0,0.0,0.0,1.0,0.0,0.029412,0.0,0.014706,first,3.0057,0.92,0.014706,1
inst_db83299fb8872a8c_216,0.0875,0.125,0.0,0.875,0.765,0.0,0.0,0.0375,third,3.3229,1.0,0.0375,3
inst_38234b5bb3cdb453_217,0.022989,0.153,0.0,0.847,0.91,0.0,0.0,0.034483,third,3.0762,0.8667,0.0,0
inst_5fcae015b0d5a449_218,0.019231,0.069,0.0,0.931,0.4389,0.0,0.0,0.096154,third,2.9479,1.0,0.019231,1
inst_a86104570d6bbe2c_219,0.025641,0.18,0.018,0.802,0.8988,0.051282,0.012821,0.025641,first,2.8219,1.0,0.0,0
inst_437fe75016be7908_220,0.0,0.024,0.138,0.838,-0.7269,0.0,0.0,0.016949,third,2.3414,0.9667,0.016949,1
inst_64c54af987cfaf7e_221,0.0,0.0,0.0,1.0,0.0,0.0,0.0,0.0,none,3.6041,0.7857,0.058824,5
inst_c522801239b578d6_222,0.0,0.209,0.0,0.791,0.8771,0.033898,0.016949,0.016949,first,2.4827,0.8824,0.0,0
inst_905dd9283c0d00fd_223,0.025,0.0,0.0,1.0,0.0,0.0125,0.0125,0.0125,first,3.9764,0.9706,0.0,0
inst_6c503c5f86a22a07_224,0.111111,0.049,0.026,0.925,0.3291,0.063492,0.0,0.047619,first,3.2896,1.0,0.031746,2
inst_239d9d1939c7c6c0_225,0.029851,0.263,0.0,0.737,0.9485,0.0,0.0,0.044776,third,2.8797,1.0,0.0,0
inst_841f63ed8bba6227_226,0.057471,0.144,0.176,0.681,-0.4664,0.0,0.0,0.057471,third,2.6575,0.9655,0.0,0
inst_e5ac96d9ef0c48e6_227,0.071429,0.0,0.046,0.954,-0.2263,0.035714,0.017857,0.0,first,3.4995,0.9524,0.0,0
inst_6113d0f7a648118f_228,0.04902,0.084,0.0,0.916,0.7506,0.0,0.0,0.019608,third,3.253,1.0,0.029412,3
inst_441b413421c9465d_229,0.012987,0.098,0.093,0.809,0.1027,0.051948,0.012987,0.038961,first,2.6159,1.0,0.025974,2
inst_a2b5eb983a4df54e_230,0.076271,0.083,0.117,0.8,-0.4404,0.0,0.0,0.025424,third,3.1384,0.9556,0.0,0
inst_a01ea4f16d88a038_231,0.052632,0.079,0.058,0.863,0.4678,0.052632,0.0,0.087719,third,2.9795,0.9565,0.0,0
inst_b6652147b2da9cf3_232,0.0,0.066,0.08,0.854,-0.1531,0.061224,0.020408,0.040816,first,3.1837,0.9412,0.0,0
inst_e1a49843566d6248_233,0.018868,0.178,0.135,0.687,0.2972,0.056604,0.037736,0.018868,first,2.3618,0.9444,0.018868,1
inst_c7f8cc093ab9fd44_234,0.075,0.117,0.095,0.787,0.4215,0.0,0.0,0.0125,third,2.5757,0.9091,0.0,0
inst_429de88dc4467b7b_235,0.044248,0.052,0.207,0.741,-0.9633,0.0,0.0,0.035398,third,3.2197,0.9444,0.017699,2
inst_594dd1b5bea60612_236,0.0,0.0,0.058,0.942,-0.296,0.0,0.0,0.0,none,2.36,0.25,0.046875,3
inst_4c8eabde628020e4_237,0.01875,0.065,0.0,0.935,0.8442,0.01875,0.0,0.00625,first,3.0993,0.8438,0.025,4
inst_6e13d16ffe1210ec_238,0.023529,0.034,0.023,0.944,0.1901,0.023529,0.023529,0.023529,first,3.1776,0.8788,0.0,0
inst_ae1752df5ea64140_239,0.03125,0.046,0.0,0.954,0.3182,0.03125,0.0,0.015625,first,3.5643,1.0,0.03125,2
inst_07fe56ae8b3bc671_240,0.0,0.0,0.0,1.0,0.0,0.0,0.083333,0.0,second,2.405,1.0,0.0,0
inst_10a9263d1eac37ef_241,0.030769,0.113,0.0,0.887,0.765,0.030769,0.0,0.030769,first,3.341,0.9524,0.015385,1
inst_e9d9232c3aa4ed6c_242,0.022472,0.185,0.0,0.815,0.9231,0.033708,0.0,0.0,first,3.3539,0.9583,0.033708,3
inst_baedcbea9c5ce46a_243,0.096774,0.044,0.0,0.956,0.3818,0.0,0.0,0.064516,third,3.0511,0.8485,0.0,0
inst_9c5bc9bc8ed500c1_244,0.010638,0.168,0.0,0.832,0.9287,0.0,0.010638,0.021277,third,3.3621,0.9655,0.021277,2
inst_fec9fec372e92309_245,0.116279,0.065,0.076,0.859,-0.1078,0.023256,0.0,0.023256,first,3.1065,0.9444,0.0,0
inst_215a42a9a2206747_246,0.042254,0.146,0.044,0.809,0.7532,0.014085,0.0,0.014085,first,3.5982,1.0,0.028169,2
inst_73495e45e620d42c_247,0.042857,0.151,0.0,0.849,0.8362,0.071429,0.0,0.014286,first,3.0556,1.0,0.0,0
inst_bb6d6483df4d8e73_248,0.079365,0.067,0.0,0.933,0.5994,0.031746,0.0,0.095238,third,3.8712,1.0,0.0,0
inst_cbd4ab6b16e87425_249,0.036364,0.126,0.052,0.822,0.4497,0.0,0.0,0.090909,third,2.9876,1.0,0.036364,2
inst_3b4a0b40e1e8a528_250,0.083333,0.0,0.125,0.875,-0.6808,0.016667,0.0,0.0,first,2.9493,0.9375,0.0,0
inst_df6d53f7a3058e86_251,0.042553,0.019,0.138,0.844,-0.8793,0.0,0.0,0.095745,third,3.2055,0.9706,0.031915,3
inst_110a133eba76a4ff_252,0.027778,0.097,0.067,0.836,0.4215,0.0,0.0,0.013889,third,3.018,0.9375,0.027778,2
inst_023724015e2be3b9_253,0.04918,0.209,0.0,0.791,0.9017,0.065574,0.0,0.0,first,3.1623,1.0,0.0,0
inst_8ade2b0bf8d08377_254,0.069444,0.2,0.07,0.73,0.8494,0.041667,0.013889,0.083333,third,2.6735,1.0,0.013889,1
inst_4d170868672e1622_255,0.074627,0.022,0.138,0.84,-0.8074,0.0,0.0,0.029851,third,3.1709,1.0,0.029851,2
inst_0119b35b69835eeb_256,0.084507,0.199,0.088,0.713,0.8185,0.0,0.014085,0.028169,third,3.1429,0.9655,0.0,0
inst_18616d22591a9492_257,0.035714,0.174,0.126,0.701,0.5859,0.035714,0.0,0.089286,third,3.275,1.0,0.017857,1
inst_04e949d8374f50db_258,0.136842,0.092,0.07,0.837,0.1972,0.094737,0.0,0.042105,first,2.6767,0.9375,0.0,0
inst_5a19d0099f0c3f3a_259,0.0,0.027,0.054,0.92,-0.2732,0.0,0.0,0.044444,third,2.6723,0.9211,0.0,0
inst_e27afc135859771f_260,0.022727,0.0,0.0,1.0,0.0,0.0,0.0,0.045455,third,3.5657,1.0,0.022727,1
inst_e25c4ff786cd2f85_261,0.0,0.208,0.076,0.716,0.8481,0.035294,0.070588,0.011765,second,2.7379,1.0,0.0,0
inst_c36f837c4f7f4e48_262,0.0625,0.023,0.105,0.872,-0.6124,0.0,0.0,0.025,third,3.1957,0.9459,0.05,4
inst_7223e194ee8bfed5_263,0.061224,0.167,0.0,0.833,0.8326,0.040816,0.040816,0.061224,third,3.1865,0.8947,0.040816,2
inst_720e6de1517ba660_264,0.071429,0.091,0.0,0.909,0.5859,0.053571,0.0,0.0,first,2.86,0.96,0.0,0
inst_0382369c813eb14d_265,0.017544,0.034,0.088,0.879,-0.4767,0.0,0.0,0.017544,third,3.6121,1.0,0.017544,1
inst_5024072dfddf4553_266,0.047619,0.0,0.11,0.89,-0.743,0.0,0.0,0.015873,third,3.3733,0.9231,0.079365,5
inst_066ee3eff531fb88_267,0.09434,0.237,0.0,0.763,0.9081,0.132075,0.0,0.037736,first,2.743,1.0,0.0,0
inst_7e16cdae8f250537_268,0.050847,0.17,0.062,0.769,0.6187,0.016949,0.033898,0.033898,second,2.2077,0.88,0.016949,1
inst_18cc7719f8dc0617_269,0.0625,0.246,0.0,0.754,0.9559,0.0,0.0,0.025,third,3.2765,0.9737,0.0375,3
inst_5853aeb84e876e8f_270,0.066667,0.099,0.089,0.811,0.1779,0.005556,0.011111,0.022222,third,2.8657,1.0,0.011111,2
inst_256b9038b6e4094b_271,0.0,0.206,0.039,0.755,0.872,0.102941,0.0,0.0,first,2.7826,1.0,0.0,0
inst_6edaaa1fbe5a941f_272,0.090164,0.069,0.035,0.896,0.1184,0.0,0.0,0.057377,third,3.2185,0.9714,0.008197,1
inst_763b61e83c9d3f37_273,0.068493,0.093,0.067,0.84,0.2023,0.0,0.0,0.164384,third,3.4374,1.0,0.013699,1
inst_916824553001c55d_274,0.039216,0.106,0.0,0.894,0.6124,0.0,0.0,0.117647,third,3.2182,0.9444,0.039216,2
inst_930bc2e102089d7b_275,0.066667,0.069,0.069,0.862,-0.2425,0.0,0.0,0.026667,third,3.4758,0.963,0.026667,2
inst_f4e3409a4a875245_276,0.053333,0.093,0.0,0.907,0.6801,0.0,0.0,0.026667,third,3.0481,1.0,0.026667,2
inst_e6072a285d0743bc_277,0.0,0.0,0.0,1.0,0.0,0.0,0.0,0.0,none,,,0.0,0
inst_5a2de0ed8b69fbf6_278,0.018868,0.046,0.271,0.683,-0.9042,0.0,0.037736,0.0,second,2.7445,0.9167,0.0,0
inst_b20d2541c084fc6b_279,0.078947,0.128,0.0,0.872,0.8225,0.078947,0.0,0.039474,first,2.8773,0.9677,0.013158,1
inst_1f7a5d1a07c00552_280,0.06,0.108,0.0,0.892,0.6369,0.0,0.0,0.08,third,3.2086,1.0,0.02,1
inst_c2cc4ae8af7e48a4_281,0.067961,0.109,0.032,0.859,0.6808,0.087379,0.0,0.009709,first,2.91,0.9714,0.0,0
inst_e283f3fb76c85f33_282,0.054545,0.386,0.034,0.58,0.9732,0.0,0.0,0.018182,third,2.9173,1.0,0.0,0
inst_99cc92f363b15d80_283,0.032787,0.0,0.061,0.939,-0.4215,0.032787,0.016393,0.0,first,3.8039,0.9583,0.0,0
inst_fe530bf9561cfe6e_284,0.029851,0.216,0.0,0.784,0.9062,0.0,0.0,0.0,none,2.8609,0.92,0.044776,3
inst_16477da9ddd2902a_285,0.117647,0.174,0.0,0.826,0.8519,0.0,0.0,0.039216,third,3.5861,1.0,0.0,0
inst_796ba40c2060f562_286,0.072464,0.054,0.047,0.899,0.1189,0.014493,0.0,0.014493,first,3.5762,1.0,0.028986,2
inst_2e4337556e87c1bb_287,0.071429,0.0,0.066,0.934,-0.4795,0.017857,0.0,0.071429,third,3.1211,1.0,0.017857,1
inst_571c768744aa97c6_288,0.04386,0.112,0.011,0.878,0.8885,0.04386,0.008772,0.008772,first,2.9227,1.0,0.0,0
inst_46119d38c47e8014_289,0.035714,0.0,0.0,1.0,0.0,0.017857,0.0,0.035714,third,3.088,0.9375,0.017857,1
inst_ba5cbaf3a2ce0365_290,0.077922,0.049,0.082,0.869,-0.296,0.0,0.0,0.0,none,3.3654,0.9655,0.025974,2
inst_029d8959e57bb18f_291,0.0625,0.2,0.042,0.758,0.9313,0.010417,0.0,0.020833,third,3.0874,0.9767,0.0,0
inst_72c4294c24499fd2_292,0.029412,0.133,0.022,0.845,0.8225,0.0,0.0,0.014706,third,3.3233,1.0,0.014706,1
inst_dd456f6701e10ab3_293,0.026178,0.138,0.136,0.726,0.0772,0.0,0.0,0.0,none,3.1786,0.6286,0.020942,4
inst_566c0e9b788bc56a_294,0.0,0.226,0.0,0.774,0.8811,0.106383,0.0,0.021277,first,3.1946,0.9286,0.021277,1
inst_6860b63ef9a27f75_295,0.0625,0.0,0.13,0.87,-0.6597,0.041667,0.0,0.0,first,2.886,0.9524,0.0,0
inst_01c8a6fc7e0214c9_296,0.061644,0.15,0.041,0.809,0.9382,0.041096,0.020548,0.068493,third,2.6576,0.8923,0.0,0
inst_5f6adc39a447d5e6_297,0.0,0.116,0.133,0.751,-0.3878,0.0,0.0,0.01087,third,3.0908,1.0,0.021739,2
inst_74902e755a715ea2_298,0.0,0.091,0.225,0.685,-0.9169,0.022472,0.0,0.011236,first,2.7695,1.0,0.0,0
inst_d6da0c26127bfd12_299,0.084337,0.044,0.0,0.956,0.5367,0.072289,0.0,0.012048,first,2.861,0.9394,0.0,0
inst_f03dc0791c2d4916_300,0.039474,0.052,0.105,0.843,-0.3818,0.0,0.0,0.0,none,3.6012,0.9615,0.013158,1
inst_96b6329a30ee398f_301,0.014085,0.0,0.164,0.836,-0.9081,0.0,0.0,0.014085,third,3.3596,0.9,0.0,0
inst_8b0fccac3d347995_302,0.065574,0.048,0.117,0.835,-0.6025,0.04918,0.0,0.016393,first,3.2714,1.0,0.016393,1
inst_fd41256d12183651_303,0.113636,0.215,0.027,0.758,0.9311,0.102273,0.011364,0.034091,first,3.2,0.9737,0.022727,2
inst_56ec4afd774dd854_304,0.06383,0.064,0.156,0.78,-0.5994,0.148936,0.0,0.042553,first,3.1058,0.95,0.021277,1
inst_6109d59cffce2aab_305,0.030769,0.113,0.042,0.845,0.5719,0.0,0.0,0.0,none,2.762,0.9091,0.046154,3
inst_2fc9b178125bc67f_306,0.04,0.05,0.0,0.95,0.2732,0.0,0.0,0.06,third,2.9042,1.0,0.06,3
inst_446b36f63314c889_307,0.079365,0.0,0.171,0.829,-0.8655,0.0,0.0,0.031746,third,3.5435,0.963,0.0,0
inst_8b651a45d12f8269_308,0.037037,0.0,0.0,1.0,0.0,0.012346,0.0,0.098765,third,3.5158,1.0,0.012346,1
inst_516bd5e713df7d94_309,0.027778,0.059,0.086,0.856,-0.1779,0.0,0.0,0.027778,third,3.05,0.9167,0.111111,8
inst_53e853eea652cd33_310,0.078431,0.133,0.131,0.737,0.2732,0.078431,0.0,0.039216,first,2.9138,0.913,0.0,0
inst_be120c20db0fed54_311,0.02439,0.053,0.051,0.896,0.024,0.012195,0.036585,0.060976,third,3.2811,1.0,0.012195,1
inst_97a7c3515a7e2fc1_312,0.086207,0.189,0.043,0.768,0.7808,0.034483,0.017241,0.051724,third,2.97,1.0,0.0,0
inst_091ebdc8a52ae47c_313,0.070866,0.096,0.0,0.904,0.8442,0.0,0.015748,0.015748,second,2.8459,0.8627,0.015748,2
inst_8f604ad174d7b388_314,0.065217,0.177,0.047,0.776,0.8815,0.097826,0.01087,0.054348,first,2.8277,0.9459,0.0,0
inst_7b55c253b9e2fadb_315,0.081395,0.0,0.0,1.0,0.0,0.0,0.0,0.046512,third,3.465,1.0,0.011628,1
inst_b1da0879018984ae_316,0.048387,0.037,0.067,0.896,-0.3612,0.032258,0.0,0.016129,first,3.3438,1.0,0.032258,2
inst_8d8cac395805dd0a_317,0.090909,0.0,0.216,0.784,-0.8748,0.0,0.0,0.054545,third,3.5804,1.0,0.0,0
inst_6868b94757dc27a0_318,0.115385,0.288,0.0,0.712,0.9547,0.038462,0.0,0.038462,first,3.0714,1.0,0.0,0
inst_d00b1aed3a79bcaa_319,0.04878,0.1,0.046,0.855,0.4391,0.02439,0.0,0.02439,first,3.1382,0.9167,0.0,0
inst_3c8b470f29e5b69b_320,0.12766,0.031,0.0,0.969,0.3182,0.021277,0.0,0.053191,third,3.1734,1.0,0.0,0
inst_52253f0612032f5e_321,0.098361,0.088,0.036,0.876,0.4215,0.04918,0.0,0.04918,first,2.9075,1.0,0.032787,2
inst_3323caebbab384dd_322,0.090909,0.0,0.152,0.848,-0.8793,0.051948,0.0,0.116883,third,2.8919,0.9688,0.012987,1
inst_1ee79704c47d231b_323,0.0,0.0,0.03,0.97,-0.296,0.014815,0.007407,0.014815,first,4.3263,0.9672,0.0,0
inst_cad75245171ef28c_324,0.066667,0.134,0.0,0.866,0.8398,0.04,0.013333,0.08,third,3.0965,1.0,0.013333,1
inst_76f7963e393b4449_325,0.046875,0.136,0.0,0.864,0.9403,0.046875,0.007812,0.054688,third,3.0644,0.9643,0.007812,1
inst_72d9bdcb8ce43aa6_326,0.047619,0.187,0.0,0.813,0.8955,0.0,0.0,0.047619,third,3.3596,0.9615,0.0,0
inst_b6112ab664a302f8_327,0.0625,0.2,0.0,0.8,0.9595,0.008929,0.0,0.044643,third,2.9277,0.9792,0.008929,1
inst_b557788bca2dc7de_328,0.02,0.0,0.052,0.948,-0.2732,0.04,0.0,0.02,first,3.283,1.0,0.02,1
inst_c0294f5ca1e76165_329,0.0,0.189,0.0,0.811,0.5647,0.064516,0.0,0.129032,third,2.4691,1.0,0.0,0
inst_006db69e90bf55fc_330,0.1,0.056,0.033,0.911,0.2714,0.02,0.0,0.02,first,3.4176,0.9545,0.0,0
inst_db820b96a1d021f2_331,0.09434,0.188,0.095,0.717,0.7003,0.09434,0.0,0.0,first,3.2433,1.0,0.018868,1
inst_164b43faa30028ba_332,0.093023,0.0,0.275,0.725,-0.9106,0.023256,0.0,0.046512,third,3.9024,0.9444,0.023256,1
inst_79bec65f81e12e4b_333,0.04878,0.073,0.169,0.758,-0.7717,0.073171,0.0,0.02439,first,2.9872,1.0,0.0,0
inst_21887c14ec3f0c06_334,0.014706,0.253,0.172,0.575,0.273,0.014706,0.0,0.044118,third,2.7012,1.0,0.0,0
inst_9570819fd0a762c7_335,0.071429,0.225,0.0,0.775,0.9325,0.057143,0.0,0.014286,first,2.8473,0.963,0.014286,1
inst_f68c063159117577_336,0.076923,0.089,0.0,0.911,0.7096,0.076923,0.0,0.021978,first,3.5834,0.9143,0.0,0
inst_23c1f49e745dba3b_337,0.068493,0.032,0.242,0.726,-0.9382,0.0,0.0,0.068493,third,3.503,0.9706,0.027397,2
inst_dada136543a76550_338,0.107843,0.136,0.032,0.832,0.8462,0.058824,0.0,0.058824,first,3.3169,0.9474,0.019608,2
inst_7118e93f880d2788_339,0.065217,0.0,0.0,1.0,0.0,0.021739,0.0,0.021739,first,2.9777,0.9286,0.021739,1
inst_7cad82d9b5774bbf_340,0.044643,0.075,0.103,0.823,-0.4404,0.035714,0.0,0.107143,third,2.9285,1.0,0.017857,2
inst_8960084d6ce8b2ae_341,0.020408,0.223,0.018,0.759,0.9666,0.0,0.0,0.020408,third,2.9626,1.0,0.040816,4
inst_1141639c7ece7398_342,0.090909,0.11,0.055,0.835,0.4005,0.0,0.0,0.0,none,2.4579,0.8235,0.0,0
inst_cedf8b293713e0fc_343,0.0,0.0,0.0,1.0,0.0,0.0125,0.0875,0.0,second,2.915,0.9697,0.0,0
inst_914f0e14c64e6c76_344,0.04,0.191,0.0,0.809,0.9753,0.0,0.0,0.046667,third,3.3379,1.0,0.006667,1
inst_25734d436efa7bc8_345,0.0,0.0,0.075,0.925,-0.296,0.028571,0.0,0.0,first,3.485,0.1429,0.0,0
inst_310ccdda9e08b0f0_346,0.033898,0.137,0.098,0.765,0.3331,0.050847,0.0,0.033898,first,2.6572,0.9615,0.0,0
inst_062cc9f1597e5117_347,0.086207,0.233,0.081,0.686,0.8709,0.086207,0.0,0.017241,first,3.3616,0.95,0.0,0
inst_b10c4dc872113484_348,0.019231,0.033,0.454,0.513,-0.9779,0.019231,0.0,0.019231,first,3.3761,0.9,0.0,0
inst_9f3b88e4b470775c_349,0.038462,0.095,0.041,0.864,0.5267,0.134615,0.0,0.019231,first,3.7611,0.95,0.019231,1
inst_c8fe0f4912cc28d3_350,0.094595,0.038,0.03,0.932,0.1531,0.0,0.0,0.054054,third,3.4896,0.9583,0.027027,2
inst_a4434575813c8e3a_351,0.0,0.054,0.0,0.946,0.34,0.0,0.0,0.0,none,3.4617,0.9677,0.0,0
inst_add13236cee51ed4_352,0.020408,0.0,0.06,0.94,-0.3491,0.040816,0.0,0.040816,first,3.0823,0.8667,0.0,0
inst_9e8952f777e7b8a9_353,0.074074,0.078,0.0,0.922,0.4019,0.0,0.0,0.018519,third,2.986,1.0,0.055556,3
inst_2436686f2c3c1c7f_354,0.033333,0.02,0.025,0.954,-0.1007,0.0,0.0,0.033333,third,3.6479,0.9429,0.022222,2
inst_5bcf226326a0a20d_355,0.018182,0.21,0.0,0.79,0.8818,0.0,0.018182,0.054545,third,3.3527,1.0,0.036364,2
inst_4b89a80f09f8ba9b_356,0.0,0.071,0.0,0.929,0.5994,0.012195,0.0,0.0,first,3.0111,0.4737,0.04878,4
inst_aede333ad2e0d5b5_357,0.054054,0.084,0.081,0.836,-0.1984,0.094595,0.0,0.027027,first,3.0161,1.0,0.040541,3
inst_eabd742850ab2d16_358,0.052632,0.043,0.024,0.933,0.1382,0.031579,0.0,0.021053,first,3.0439,0.8462,0.0,0
inst_7a821431d12c925a_359,0.042553,0.093,0.0,0.907,0.4926,0.106383,0.021277,0.021277,first,2.7429,1.0,0.0,0
inst_e854f035ae19de34_360,0.0,0.134,0.077,0.79,0.6079,0.018182,0.018182,0.0,first,2.6482,0.88,0.0,0
inst_32da76663c988ebe_361,0.042254,0.16,0.034,0.806,0.7783,0.0,0.0,0.028169,third,3.119,0.913,0.042254,3
inst_0af2ddad4cb1b5f1_362,0.046875,0.086,0.0,0.914,0.659,0.0,0.0,0.078125,third,3.2127,0.9375,0.046875,3
inst_9f5fa4986b73f415_363,0.066667,0.0,0.202,0.798,-0.8977,0.016667,0.0,0.066667,third,3.2955,0.9565,0.016667,1
inst_0a3c7ab448c695ff_364,0.067416,0.037,0.0,0.963,0.4466,0.022472,0.0,0.044944,third,2.9806,1.0,0.022472,2
inst_dda7716c69225a93_365,0.019608,0.0,0.0,1.0,0.0,0.0,0.0,0.0,none,3.5386,0.913,0.0,0
inst_277fb6dfddeb54ce_366,0.088235,0.04,0.135,0.825,-0.8074,0.0,0.0,0.014706,third,3.2273,1.0,0.044118,3
inst_eeedca89be84c9a9_367,0.080645,0.072,0.0,0.928,0.4404,0.032258,0.0,0.032258,first,3.1067,1.0,0.0,0
inst_356402f1ca3433b3_368,0.068966,0.0,0.0,1.0,0.0,0.068966,0.017241,0.017241,first,3.4026,1.0,0.017241,1
inst_357b40e34c8d3099_369,0.057692,0.174,0.0,0.826,0.8437,0.0,0.0,0.0,none,3.3467,0.9474,0.0,0
inst_a96e5c9dee5613e1_370,0.080645,0.062,0.0,0.938,0.4939,0.112903,0.0,0.048387,first,2.9265,1.0,0.032258,2
inst_84b08b8d754c13ff_371,0.0,0.0,0.0,1.0,0.0,0.0,0.0,0.057692,third,2.9576,0.913,0.0,0
inst_c496503179f6ca55_372,0.098039,0.0,0.121,0.879,-0.6876,0.098039,0.0,0.039216,first,3.3841,0.9444,0.0,0
inst_b505e699fe66c87d_373,0.064103,0.078,0.036,0.886,0.4215,0.0,0.0,0.051282,third,2.3847,0.9677,0.0,0
inst_4c214c332454caac_374,0.018868,0.201,0.0,0.799,0.8767,0.037736,0.018868,0.018868,first,3.3404,0.9615,0.0,0
inst_54f96e97a7bc8b7f_375,0.0,0.156,0.0,0.844,0.8591,0.0,0.0,0.074627,third,3.4284,1.0,0.0,0
inst_80b1505dedb2910a_376,0.038462,0.129,0.113,0.758,0.2023,0.019231,0.038462,0.038462,second,2.3853,0.9444,0.0,0
inst_7d6c4b370935a59b_377,0.0,0.162,0.0,0.838,0.7325,0.020833,0.0,0.0625,third,2.612,1.0,0.0,0
inst_eef0b772b6fb2079_378,0.053333,0.047,0.047,0.906,0.0,0.04,0.0,0.0,first,3.0447,1.0,0.013333,1
inst_9d5816403e03da7e_379,0.030769,0.0,0.054,0.946,-0.4939,0.0,0.015385,0.107692,third,3.2835,0.9444,0.015385,1
inst_9359f780e9c6f8d9_380,0.030303,0.259,0.0,0.741,0.9477,0.0,0.030303,0.0,second,2.563,1.0,0.015152,1
inst_dc749cadc7b00409_381,0.0,0.032,0.0,0.968,0.0516,0.0,0.0,0.0,none,4.011,1.0,0.0,0
inst_a57a0bfc8c2e476a_382,0.0,0.233,0.044,0.723,0.9472,0.012821,0.025641,0.038462,third,2.8255,0.8919,0.0,0
inst_ec2cf0e49fe8fd4e_383,0.018868,0.0,0.105,0.895,-0.5688,0.132075,0.0,0.0,first,3.1565,0.9524,0.018868,1
inst_ccf7264859cef62b_384,0.074627,0.128,0.0,0.872,0.8002,0.059701,0.0,0.014925,first,3.6022,0.92,0.0,0
inst_842c0b8b2c16c85a_385,0.016129,0.039,0.099,0.862,-0.4767,0.080645,0.0,0.0,first,3.3142,0.963,0.016129,1
inst_2f230eb8da13495b_386,0.039474,0.0,0.0,1.0,0.0,0.0,0.0,0.065789,third,3.5993,0.9643,0.0,0
inst_2eaccd43390b1c72_387,0.112903,0.104,0.088,0.807,0.2363,0.048387,0.0,0.096774,third,3.3042,1.0,0.0,0
inst_9c8c10ca5f50be6d_388,0.072289,0.0,0.069,0.931,-0.6187,0.0,0.0,0.0,none,3.1681,0.9474,0.0,0
inst_582a3cb5b225c677_389,0.105263,0.144,0.042,0.815,0.7096,0.0,0.0,0.017544,third,3.2494,0.9697,0.017544,1
inst_f0cdf881a9b7211e_390,0.047619,0.285,0.0,0.715,0.9569,0.063492,0.047619,0.031746,first,3.0225,0.9231,0.015873,1
inst_6be67894686fb3a5_391,0.064516,0.16,0.081,0.759,0.7096,0.0,0.0,0.048387,third,3.3462,1.0,0.16129,10
inst_ab7fb51856f0cb35_392,0.037975,0.296,0.045,0.659,0.9715,0.037975,0.0,0.025316,first,2.9628,1.0,0.0,0
inst_c470c7f2d21f2d13_393,0.0,0.0,0.229,0.771,-0.8658,0.0,0.0,0.125,third,3.6859,1.0,0.020833,1
inst_181f886349bae4e4_394,0.109375,0.0,0.135,0.865,-0.7964,0.0,0.0,0.0,none,3.4429,0.96,0.046875,3
inst_c41a5b1d03e93946_395,0.038462,0.219,0.0,0.781,0.68,0.076923,0.0,0.0,first,3.221,0.9091,0.038462,1
inst_fef89c792cc3d268_396,0.018868,0.293,0.0,0.707,0.938,0.056604,0.0,0.037736,first,2.295,0.9412,0.0,0
inst_2a26207558e3c659_397,0.089286,0.067,0.059,0.874,0.1027,0.017857,0.0,0.017857,first,3.2394,0.8947,0.035714,2
inst_bd8079bceec29a95_398,0.019231,0.148,0.032,0.82,0.6072,0.076923,0.019231,0.057692,first,2.6594,0.9444,0.0,0
inst_42ee6e32571de9f4_399,0.090909,0.105,0.096,0.8,0.1215,0.036364,0.036364,0.145455,third,2.6332,1.0,0.0,0
inst_76a46b75d189d2de_400,0.0,0.0,0.0,1.0,0.0,0.0,0.0,0.021277,third,3.488,1.0,0.0,0
inst_96e52852548dffba_401,0.033058,0.151,0.0,0.849,0.9468,0.0,0.0,0.008264,third,3.0255,0.898,0.041322,5
inst_232634a18c209f82_402,0.0,0.0,0.0,1.0,0.0,0.0,0.0,0.029412,third,3.08,0.6667,0.058824,4
inst_de47311560b6f33b_403,0.021739,0.039,0.0,0.961,0.128,0.0,0.0,0.021739,third,3.8616,0.8636,0.0,0
inst_d5a9ea16b854faa0_404,0.027523,0.155,0.126,0.719,0.2244,0.045872,0.0,0.0,first,3.1945,1.0,0.0,0
inst_4a1762fc9cc160ca_405,0.011364,0.173,0.0,0.827,0.9214,0.011364,0.056818,0.034091,second,2.9164,0.8919,0.045455,4
inst_a17b9f690c17094a_406,0.035714,0.1,0.0,0.9,0.802,0.011905,0.0,0.059524,third,3.2916,1.0,0.0,0
inst_d2ed99f9e2907f9c_407,0.032787,0.041,0.0,0.959,0.296,0.0,0.0,0.04918,third,2.7681,1.0,0.0,0
inst_0dd5245bdcb4b682_408,0.040541,0.043,0.048,0.909,-0.1027,0.013514,0.0,0.013514,first,3.362,0.9259,0.027027,2
inst_3363616351c57a69_409,0.05,0.147,0.294,0.558,-0.8173,0.0,0.0,0.0,none,2.9143,0.875,0.016667,1
inst_e4eb0aa56e6f0351_410,0.056338,0.223,0.0,0.777,0.918,0.070423,0.014085,0.0,first,2.9514,0.9667,0.028169,2
inst_5efb4439dc70cd33_411,0.028986,0.0,0.043,0.957,-0.3818,0.0,0.0,0.028986,third,3.4033,0.9643,0.072464,5
inst_70add7664f693db1_412,0.0,0.143,0.114,0.743,0.2325,0.0,0.015625,0.0,second,3.365,1.0,0.015625,1
inst_ed34e738daec4487_413,0.068493,0.115,0.051,0.835,0.6705,0.0,0.0,0.0,none,3.5336,0.975,0.0,0
inst_0770ab390c8db537_414,0.037037,0.139,0.0,0.861,0.8126,0.12963,0.074074,0.018519,first,2.9076,1.0,0.0,0
inst_655566921fc80594_415,0.046729,0.072,0.091,0.837,-0.4478,0.028037,0.0,0.028037,first,2.8692,0.9286,0.028037,3
inst_e5ce407e3ada6a7f_416,0.052632,0.117,0.0,0.883,0.7559,0.0,0.0,0.035088,third,2.8109,1.0,0.017544,1
inst_2a3c5166c8264e16_417,0.086207,0.14,0.049,0.811,0.6597,0.051724,0.0,0.017241,first,3.0435,0.9583,0.0,0
inst_12801d66a874058b_418,0.111111,0.091,0.0,0.909,0.6597,0.0,0.0,0.037037,third,2.9631,0.8966,0.012346,1
inst_addb4ed323bf2726_419,0.041176,0.092,0.047,0.861,0.8481,0.0,0.0,0.041176,third,2.8479,0.9636,0.005882,1
inst_9f328178eebba0d8_420,0.0,0.074,0.0,0.926,0.5859,0.0,0.0,0.0,none,3.1737,0.9643,0.018349,2
inst_50b7e056e63d9be0_421,0.041237,0.203,0.0,0.797,0.9509,0.030928,0.0,0.030928,first,3.0981,0.8936,0.0,0
inst_1a00bee9a24775ef_422,0.07767,0.114,0.0,0.886,0.8519,0.0,0.0,0.038835,third,2.835,0.9231,0.0,0
inst_c31d5234dfe14e9f_423,0.0,0.246,0.0,0.754,0.9198,0.0,0.0,0.018868,third,3.4743,0.92,0.0,0
inst_bc2066042a07623f_424,0.048544,0.075,0.0,0.925,0.7717,0.0,0.0,0.048544,third,3.07,1.0,0.038835,4
inst_84254b81dbe70b0e_425,0.029412,0.153,0.0,0.847,0.836,0.073529,0.0,0.029412,first,3.1925,1.0,0.0,0
inst_7bae3bdf4f69d6e3_426,0.0,0.0,0.045,0.955,-0.3818,0.0,0.0,0.03125,third,3.0853,0.9091,0.03125,2
inst_7891f9d16bd7ee65_427,0.034884,0.071,0.0,0.929,0.6901,0.0,0.0,0.034884,third,2.7394,0.8182,0.011628,1
inst_77704d1d8b867996_428,0.033708,0.242,0.029,0.73,0.9565,0.0,0.0,0.011236,third,2.84,0.9211,0.011236,1
inst_889d4ce4cc164928_429,0.015152,0.06,0.0,0.94,0.508,0.045455,0.075758,0.075758,second,3.1671,0.913,0.015152,1
inst_34c7bcb5648823ed_430,0.061224,0.076,0.026,0.898,0.5106,0.071429,0.0,0.010204,first,3.2611,0.9722,0.0,0
inst_827c11db9be8138d_431,0.066667,0.236,0.071,0.693,0.9081,0.0,0.0,0.04,third,3.2931,1.0,0.013333,1
inst_89ec5ff57fdf74ea_432,0.039474,0.0,0.0,1.0,0.0,0.0,0.0,0.039474,third,3.3877,0.9286,0.026316,2
inst_dd569310bcc7a3d0_433,0.060241,0.257,0.125,0.618,0.9091,0.0,0.0,0.060241,third,3.028,1.0,0.024096,2
inst_bead9283f98a9370_434,0.048387,0.0,0.062,0.938,-0.5574,0.0,0.0,0.064516,third,2.6967,0.9231,0.048387,3
inst_00d7b55d863558b8_435,0.118644,0.339,0.0,0.661,0.9638,0.033898,0.0,0.050847,third,3.3191,0.92,0.0,0
inst_db7df1c7a8f72015_436,0.025,0.132,0.019,0.849,0.802,0.025,0.0125,0.0625,third,2.9494,0.9688,0.0,0
inst_5b58d4f1ac047f29_437,0.047619,0.0,0.07,0.93,-0.4404,0.0,0.047619,0.047619,second,3.6219,1.0,0.011905,1
inst_a6d37938120af520_438,0.016949,0.0,0.129,0.871,-0.7263,0.016949,0.016949,0.016949,first,3.2076,0.7727,0.033898,2
inst_65b39f1c04a9d96b_439,0.076923,0.136,0.062,0.801,0.7962,0.067308,0.0,0.067308,first,3.2911,0.9737,0.038462,4
inst_03784ef20333962a_440,0.0,0.0,0.078,0.922,-0.6705,0.0,0.022989,0.034483,third,2.8664,1.0,0.0,0
inst_b7da8822bb918f46_441,0.083333,0.031,0.18,0.789,-0.8519,0.0,0.0,0.083333,third,3.373,0.9583,0.0,0
inst_5dc5f610a1de6ad6_442,0.023529,0.055,0.045,0.9,-0.0516,0.0,0.0,0.047059,third,2.7248,1.0,0.0,0
inst_2816eb0bcd66ac7a_443,0.065789,0.118,0.0,0.882,0.8225,0.0,0.0,0.026316,third,3.2032,0.9167,0.0,0
inst_a952c55ff5f9573f_444,0.0,0.081,0.0,0.919,0.8316,0.0,0.0,0.0,none,3.1481,0.8868,0.005848,1
inst_a796c4e2b7959ab9_445,0.030769,0.133,0.024,0.843,0.743,0.123077,0.0,0.0,first,3.0341,1.0,0.0,0
inst_5c55383d611a06dd_446,0.04918,0.0,0.058,0.942,-0.4168,0.032787,0.016393,0.032787,first,3.2996,1.0,0.016393,1
inst_327a11700951354a_447,0.070175,0.062,0.126,0.812,-0.6705,0.0,0.0,0.052632,third,2.9587,1.0,0.087719,5
inst_e95fe786605058e3_448,0.018868,0.185,0.051,0.764,0.7003,0.075472,0.0,0.056604,first,2.462,0.9375,0.018868,1
inst_45015667f0598369_449,0.055556,0.061,0.197,0.743,-0.872,0.0,0.0,0.041667,third,2.9224,1.0,0.0,0
inst_951b0110e7e99f4d_450,0.02439,0.081,0.0,0.919,0.6249,0.0,0.0,0.060976,third,3.2705,1.0,0.036585,3
inst_bcf1cb00a2ccf1fc_451,0.050633,0.037,0.097,0.866,-0.4941,0.037975,0.0,0.037975,first,2.8323,0.963,0.0,0
inst_8ce65729bc97d041_452,0.081081,0.077,0.043,0.88,0.4767,0.063063,0.027027,0.054054,first,2.8868,1.0,0.009009,1
inst_c4bef05f83224567_453,0.0,0.0,0.0,1.0,0.0,0.016949,0.0,0.033898,third,2.7179,0.8235,0.0,0
inst_07bf0351fa91420d_454,0.094737,0.042,0.07,0.888,-0.5267,0.0,0.0,0.052632,third,3.1035,0.9444,0.0,0
inst_36336ae25cedc18d_455,0.037736,0.0,0.068,0.932,-0.5563,0.0,0.0,0.0,none,3.165,0.8462,0.037736,2
inst_1f6d01bc9a9d47dc_456,0.015152,0.037,0.054,0.909,-0.0,0.0,0.0,0.030303,third,3.9173,0.8966,0.015152,1
inst_a9c4e9d9c2c8837f_457,0.075472,0.253,0.0,0.747,0.926,0.113208,0.0,0.0,first,2.9975,1.0,0.0,0
inst_dfd759c6ba1cebaf_458,0.090909,0.0,0.051,0.949,-0.34,0.0,0.0,0.0,none,3.7004,0.9643,0.0,0
inst_1e26681e6fc2fa80_459,0.017241,0.268,0.0,0.732,0.937,0.051724,0.0,0.051724,first,2.9132,0.9615,0.0,0
inst_caa560b6d2e719d8_460,0.109589,0.094,0.181,0.725,-0.7311,0.09589,0.0,0.013699,first,2.6552,1.0,0.0,0
inst_b03644bc5ec50036_461,0.095238,0.134,0.037,0.829,0.7117,0.095238,0.0,0.015873,first,2.9204,0.9655,0.0,0
inst_93782ab2ab76c084_462,0.061224,0.034,0.054,0.911,-0.2023,0.0,0.0,0.020408,third,3.2636,0.9333,0.081633,4
inst_2dd19a84f807478a_463,0.038462,0.062,0.059,0.879,0.0258,0.057692,0.0,0.019231,first,3.4113,0.9583,0.0,0
inst_02e3058f3b8e944e_464,0.038462,0.127,0.044,0.829,0.5913,0.057692,0.0,0.0,first,3.749,0.9545,0.0,0
inst_14d25569ab7c3135_465,0.064748,0.121,0.143,0.736,-0.5234,0.0,0.014388,0.035971,third,2.9346,0.9661,0.007194,1
inst_85b1a031c3911045_466,0.068966,0.0,0.0,1.0,0.0,0.0,0.0,0.034483,third,3.0275,1.0,0.086207,5
inst_c489fc12de97b6a8_467,0.055556,0.102,0.183,0.715,-0.8126,0.044444,0.0,0.1,third,2.9168,0.9394,0.0,0
inst_c412c99e9689bf94_468,0.107692,0.0,0.237,0.763,-0.9568,0.0,0.0,0.015385,third,3.3359,1.0,0.0,0
inst_6623343fa6d3359d_469,0.079646,0.062,0.205,0.733,-0.9565,0.0,0.0,0.00885,third,3.3714,0.9808,0.017699,2
inst_02942c2d9244a7c8_470,0.065574,0.137,0.15,0.713,-0.2263,0.0,0.0,0.04918,third,3.3453,1.0,0.0,0
inst_b1f141e4052cf8e9_471,0.061224,0.109,0.0,0.891,0.5994,0.0,0.0,0.0,none,2.8014,1.0,0.0,0
inst_8f0036eb16395861_472,0.060606,0.025,0.113,0.862,-0.6596,0.0,0.0,0.045455,third,3.4612,0.96,0.0,0
inst_585f6998b286bb2b_473,0.078313,0.089,0.016,0.895,0.9081,0.0,0.0,0.0,none,3.2267,0.8421,0.0,0
inst_8ef6b02d89a642c7_474,0.069767,0.159,0.013,0.828,0.9542,0.0,0.0,0.077519,third,2.7351,0.9149,0.0,0
inst_8eb0ca77650d8f2a_475,0.022989,0.047,0.061,0.892,-0.0387,0.0,0.0,0.0,none,3.2497,0.9,0.011494,1
inst_c480b676f9ced4f7_476,0.0,0.062,0.0,0.938,0.4215,0.0,0.0,0.0,none,4.1212,1.0,0.018868,1
inst_a9dac2b68439d15f_477,0.054545,0.136,0.0,0.864,0.6808,0.109091,0.0,0.036364,first,3.0308,1.0,0.0,0
inst_0fa4c25c20e3de64_478,0.076923,0.0,0.267,0.733,-0.9109,0.0,0.0,0.038462,third,3.6253,1.0,0.0,0
inst_2e8695e166fff064_479,0.075472,0.123,0.106,0.771,-0.0258,0.018868,0.0,0.018868,first,4.0255,1.0,0.0,0
inst_25a715135f896604_480,0.048544,0.0,0.194,0.806,-0.9601,0.0,0.0,0.0,none,3.7083,0.9583,0.067961,7
inst_e5bc4d093ea51a0a_481,0.025974,0.017,0.078,0.905,-0.6369,0.0,0.0,0.0,none,3.658,0.9677,0.051948,4
inst_72780c8ef32cef09_482,0.04,0.0,0.242,0.758,-0.7501,0.0,0.0,0.0,none,2.4192,1.0,0.04,1
inst_ccc8d05ef21c9910_483,0.032258,0.0,0.0,1.0,0.0,0.0,0.0,0.016129,third,3.2644,0.9,0.064516,4
inst_c2bef2be6673dd0f_484,0.142857,0.116,0.108,0.777,0.1027,0.017857,0.0,0.160714,third,2.7306,1.0,0.0,0
inst_6d4f7b5eaafa6abe_485,0.050847,0.105,0.085,0.81,0.6474,0.050847,0.0,0.025424,first,2.75,0.9762,0.008475,1
inst_f8235ca86943bf4b_486,0.068966,0.034,0.173,0.793,-0.9432,0.0,0.0,0.0,none,3.481,0.9444,0.034483,4
inst_4f0d21c6d03833ac_487,0.105263,0.053,0.0,0.947,0.3612,0.052632,0.0,0.035088,first,3.1908,1.0,0.0,0
inst_c9f493b7dc67cab8_488,0.036458,0.197,0.036,0.767,0.9836,0.015625,0.005208,0.03125,third,3.1159,0.9383,0.005208,1
inst_f38eb69bf4782f90_489,0.060345,0.062,0.032,0.905,0.0,0.060345,0.0,0.068966,third,3.2319,0.9773,0.0,0
inst_cedd84a21a87acb8_490,0.034884,0.137,0.058,0.805,0.6911,0.034884,0.011628,0.0,first,3.1503,0.9189,0.023256,2
inst_dd95cd94168d301e_491,0.0,0.0,0.019,0.981,-0.1027,0.0,0.0,0.022472,third,3.1308,0.8889,0.0,0
inst_9384b6f2da4cd2bb_492,0.0,0.0,0.0,1.0,0.0,0.0,0.0,0.0,none,3.8629,0.9333,0.015873,1
inst_c8d5788d0617ff54_493,0.082192,0.141,0.0,0.859,0.7916,0.09589,0.0,0.013699,first,3.2531,0.9722,0.0,0
inst_3d30482e18e12774_494,0.055556,0.094,0.029,0.878,0.5267,0.0,0.0,0.037037,third,2.9929,1.0,0.018519,1
inst_43d51772c0794ebb_495,0.0,0.147,0.0,0.853,0.8371,0.033333,0.0,0.0,first,3.5,0.8462,0.016667,1
inst_9ce9c0c3acdad258_496,0.058824,0.29,0.0,0.71,0.9312,0.0,0.0,0.058824,third,2.8529,1.0,0.019608,1
inst_26ad3506cf94d713_497,0.058824,0.068,0.102,0.83,-0.4019,0.0,0.0,0.0,none,3.34,0.9394,0.047059,4
inst_6691740ee56d4c8f_498,0.046875,0.029,0.176,0.795,-0.8338,0.0,0.0,0.0,none,3.0482,0.9655,0.0,0
inst_3c8e47f6c11a9dcc_499,0.06383,0.175,0.0,0.825,0.7957,0.0,0.0,0.021277,third,2.879,1.0,0.042553,2
inst_89952ca6d9264350_500,0.0,0.0,0.166,0.834,-0.9382,0.0,0.0,0.0,none,3.0411,0.9333,0.032967,3
inst_19d01d609971bc03_501,0.037037,0.131,0.0,0.869,0.7562,0.037037,0.0,0.074074,third,3.1679,1.0,0.0,0
inst_6fd9d3f0662d6e26_502,0.04,0.0,0.128,0.872,-0.4215,0.04,0.0,0.04,first,3.517,1.0,0.04,1
inst_ba4a89b2a77032c5_503,0.050847,0.15,0.046,0.804,0.7147,0.016949,0.016949,0.033898,third,2.8748,1.0,0.0,0
inst_6abc1e0538ddd296_504,0.1,0.23,0.0,0.77,0.9331,0.083333,0.0,0.066667,first,2.9038,1.0,0.0,0
inst_0e29164f0228d784_505,0.017857,0.15,0.045,0.805,0.7096,0.0,0.0,0.053571,third,3.2708,0.9615,0.0,0
inst_d28e521de1af40e5_506,0.02,0.0,0.069,0.931,-0.6808,0.0,0.0,0.03,third,3.4982,0.9429,0.02,2
inst_90a4739b69cfdc80_507,0.029851,0.119,0.0,0.881,0.7351,0.014925,0.0,0.014925,first,3.0967,0.8824,0.014925,1
inst_ef17466957bfd9b5_508,0.071429,0.077,0.158,0.764,-0.7437,0.042857,0.0,0.085714,third,3.1796,0.9259,0.0,0
inst_fc325c2795b7fd52_509,0.085106,0.0,0.2,0.8,-0.8402,0.0,0.0,0.021277,third,3.6228,1.0,0.021277,1
inst_ebeb5f3d039387dd_510,0.07563,0.103,0.087,0.81,-0.264,0.07563,0.0,0.05042,first,2.7304,0.9592,0.008403,1
inst_a1aaa1b1ea53c076_511,0.022857,0.126,0.039,0.835,0.9394,0.022857,0.0,0.005714,first,2.8903,0.9429,0.034286,6
inst_8137d161601b31dc_512,0.016129,0.057,0.0,0.943,0.4497,0.032258,0.0,0.032258,first,3.2191,0.9167,0.016129,1
inst_0079f030040a64b1_513,0.089286,0.042,0.038,0.92,0.0498,0.089286,0.0,0.0,first,3.3222,1.0,0.0,0
inst_c6d74ac60453cd4b_514,0.037037,0.065,0.0,0.935,0.4019,0.055556,0.0,0.0,first,2.8517,0.9474,0.0,0
inst_e6b786545f640ef4_515,0.09375,0.105,0.087,0.808,0.1901,0.0,0.114583,0.020833,second,3.2407,1.0,0.010417,1
inst_c3056d0ae4e79f79_516,0.081633,0.146,0.0,0.854,0.7579,0.081633,0.0,0.020408,first,3.4462,0.9231,0.0,0
inst_1fbf4c13e7556e63_517,0.036697,0.048,0.039,0.912,0.2023,0.0,0.0,0.0,none,3.1219,0.6842,0.036697,4
inst_f18123948ea5cfa4_518,0.057143,0.148,0.0,0.852,0.8402,0.057143,0.0,0.042857,first,3.2483,1.0,0.014286,1
inst_b0e53f8af33e62f2_519,0.059524,0.074,0.0,0.926,0.5106,0.071429,0.0,0.0,first,3.1748,0.9394,0.0,0
inst_98bcf38b678a8fd9_520,0.063492,0.044,0.0,0.956,0.3094,0.095238,0.0,0.047619,first,2.7935,0.9444,0.0,0
inst_4af34422a8b5dc14_521,0.069444,0.07,0.077,0.854,0.2836,0.055556,0.027778,0.013889,first,3.0812,1.0,0.0,0
inst_756cb5a667ce3946_522,0.064516,0.1,0.0,0.9,0.5994,0.016129,0.032258,0.0,second,3.0569,0.8667,0.048387,3
inst_e65b96c76e2931fe_523,0.057143,0.05,0.0,0.95,0.6369,0.064286,0.0,0.0,first,3.3261,1.0,0.035714,5
inst_761fd6bd02fc3525_524,0.058252,0.0,0.036,0.964,-0.4767,0.0,0.0,0.019417,third,3.3868,0.9487,0.019417,2
inst_a66e24aba6860f58_525,0.005952,0.102,0.059,0.838,0.5423,0.0,0.0,0.0,none,3.4413,0.5926,0.0,0
inst_5e3af7b2a7a692b8_526,0.12,0.283,0.128,0.588,0.8738,0.1,0.0,0.02,first,2.8605,1.0,0.02,1
inst_94e645d39dd07cee_527,0.05,0.258,0.0,0.742,0.9468,0.0,0.0,0.033333,third,3.0512,0.9706,0.0,0
inst_5b2952e24a61cfda_528,0.041667,0.25,0.0,0.75,0.875,0.0,0.0,0.0,none,3.6517,0.96,0.020833,1
inst_6cb51742984e3b5d_529,0.081633,0.0,0.0,1.0,0.0,0.061224,0.020408,0.020408,first,2.8014,1.0,0.0,0
inst_672de5ffcbc21990_530,0.070175,0.055,0.192,0.752,-0.7351,0.070175,0.0,0.035088,first,2.8145,1.0,0.0,0
inst_ab41a58c58b29257_531,0.010753,0.24,0.031,0.729,0.9577,0.053763,0.0,0.021505,first,2.84,0.9062,0.0,0
inst_2f56c3179c1905de_532,0.013158,0.213,0.0,0.787,0.9256,0.0,0.0,0.065789,third,2.8711,1.0,0.0,0
inst_4a351beb87bf9e45_533,0.067797,0.119,0.0,0.881,0.7479,0.084746,0.016949,0.016949,first,2.5523,0.9565,0.0,0
inst_f11acedab4eac507_534,0.074074,0.15,0.061,0.789,0.5423,0.037037,0.0,0.037037,first,3.0626,0.8636,0.018519,1
inst_293bc38a8ab2a9fd_535,0.0625,0.229,0.0,0.771,0.7644,0.041667,0.0,0.0625,third,2.8191,0.9583,0.0,0
inst_e17266d5cf9aba13_536,0.046512,0.07,0.0,0.93,0.7906,0.0,0.0,0.015504,third,3.1004,0.9796,0.015504,2
inst_4e61856b3d0f7c3f_537,0.04918,0.0,0.0,1.0,0.0,0.0,0.0,0.114754,third,3.1738,0.8889,0.0,0
inst_047a22f4d6989202_538,0.033708,0.02,0.038,0.942,-0.347,0.0,0.0,0.022472,third,3.1761,0.9167,0.022472,2
inst_f1971dc59b4b3a8e_539,0.070588,0.0,0.173,0.827,-0.9274,0.0,0.0,0.011765,third,3.6413,0.9677,0.058824,5
inst_1acf1f813d0fb9e9_540,0.0,0.179,0.058,0.763,0.5965,0.0,0.0,0.087719,third,2.8452,0.92,0.0,0
inst_c35d7965be0c6df4_541,0.02907,0.08,0.0,0.92,0.9184,0.011628,0.0,0.011628,first,3.0089,0.9545,0.034884,6
inst_243be1a06042f18e_542,0.043011,0.154,0.0,0.846,0.9274,0.0,0.0,0.010753,third,3.2975,0.9333,0.0,0
inst_e01f87b3d9c8c54e_543,0.078125,0.0,0.04,0.96,-0.34,0.03125,0.0,0.015625,first,3.2614,1.0,0.09375,6
inst_59acdfe3276e6a74_544,0.092308,0.109,0.0,0.891,0.6712,0.0,0.0,0.107692,third,2.9117,1.0,0.0,0
inst_7b7a96893f66c6d5_545,0.065574,0.179,0.0,0.821,0.8402,0.114754,0.0,0.0,first,2.9436,0.9167,0.0,0
inst_2005574c102e61d5_546,0.038462,0.029,0.0,0.971,0.2263,0.0,0.0,0.038462,third,3.2658,0.9688,0.012821,1
inst_bcf089c131c111e4_547,0.0625,0.21,0.0,0.79,0.8519,0.0,0.0,0.125,third,3.2216,1.0,0.0,0
inst_94539c1f249d7d37_548,0.103448,0.0,0.207,0.793,-0.7562,0.172414,0.0,0.0,first,3.801,0.9091,0.0,0
inst_23fdabf7c23c6051_549,0.0,0.067,0.12,0.813,-0.3612,0.0,0.0,0.0,none,3.13,0.4,0.023256,1
inst_2cb5f4cd8519fcfc_550,0.045113,0.124,0.0,0.876,0.9069,0.06015,0.0,0.007519,first,2.8691,0.9149,0.0,0
inst_9f725b1bdda912b8_551,0.0,0.202,0.104,0.694,0.8241,0.0,0.0,0.0,none,3.8965,1.0,0.0,0
inst_af9b326c97849e09_552,0.061224,0.165,0.0,0.835,0.7964,0.0,0.0,0.020408,third,3.0279,0.9048,0.0,0
inst_0cc89646947355bd_553,0.09434,0.0,0.087,0.913,-0.4215,0.0,0.0,0.09434,third,3.548,1.0,0.075472,4
inst_b226ad102c3cc4ec_554,0.070175,0.103,0.0,0.897,0.5859,0.0,0.0,0.0,none,3.772,0.9091,0.070175,4
inst_dd403dc5794a28f1_555,0.084507,0.052,0.134,0.814,-0.6467,0.042254,0.0,0.014085,first,3.4276,0.9667,0.0,0
inst_6674304799263e75_556,0.064516,0.091,0.21,0.699,-0.4417,0.064516,0.0,0.064516,first,2.6243,1.0,0.032258,1
inst_c12894b090ab886d_557,0.0,0.087,0.0,0.913,0.25,0.0,0.0,0.0,none,3.0136,0.9167,0.0,0
inst_f53239c5b89d896f_558,0.0,0.059,0.0,0.941,0.628,0.0,0.013333,0.0,second,2.764,0.8333,0.0,0
inst_12777d79373a52cb_559,0.013986,0.228,0.042,0.731,0.9813,0.06993,0.020979,0.006993,first,3.0915,0.9839,0.013986,2
inst_bef5212426bfc148_560,0.012346,0.075,0.0,0.925,0.6705,0.024691,0.061728,0.0,second,3.2534,0.9722,0.0,0
inst_2f0ff4c8155bb47b_561,0.070175,0.0,0.167,0.833,-0.7906,0.0,0.0,0.0,none,3.0112,0.6667,0.017544,1
inst_a25551df80e02587_562,0.098039,0.131,0.04,0.829,0.5023,0.0,0.0,0.078431,third,3.384,0.9524,0.0,0
inst_0eb301ce173a042c_563,0.058824,0.062,0.04,0.897,0.34,0.014706,0.014706,0.029412,third,3.2186,0.9655,0.014706,1
inst_2ee73a81c92f692e_564,0.053763,0.07,0.055,0.875,-0.1901,0.010753,0.0,0.064516,third,3.0608,1.0,0.0,0
inst_5396c201f59c6ee6_565,0.12766,0.0,0.0,1.0,0.0,0.06383,0.0,0.06383,first,3.0623,0.9286,0.0,0
inst_c50c18176608f8c3_566,0.044944,0.0,0.017,0.983,-0.0772,0.0,0.0,0.033708,third,2.6156,0.9474,0.033708,3
inst_3e882fc6763e2aa8_567,0.041667,0.068,0.0,0.932,0.5574,0.0,0.0,0.041667,third,3.4833,0.875,0.013889,1
inst_1f94d341ff05ce74_568,0.050505,0.178,0.085,0.737,0.7849,0.030303,0.010101,0.030303,first,2.9743,0.9211,0.010101,1
inst_1ba3c6a09cd62f98_569,0.072727,0.222,0.0,0.778,0.9166,0.0,0.0,0.018182,third,2.8661,1.0,0.0,0
inst_9129ad7d33d42ae9_570,0.0,0.0,0.12,0.88,-0.5983,0.0,0.0,0.020833,third,3.7152,1.0,0.0,0
inst_41d0ac7ee238e579_571,0.037736,0.061,0.0,0.939,0.4215,0.0,0.056604,0.0,second,3.1194,1.0,0.018868,1
inst_5ddd42879a9f44e1_572,0.0,0.115,0.0,0.885,0.802,0.0,0.0,0.0,none,3.2118,0.9565,0.0,0
inst_1d13937d22f25f1c_573,0.089744,0.015,0.0,0.985,0.2144,0.032051,0.00641,0.032051,first,2.9989,0.9231,0.0,0
inst_419347ae0942be86_574,0.100917,0.038,0.0,0.962,0.5574,0.045872,0.0,0.018349,first,3.222,1.0,0.0,0
inst_2024609800957d96_575,0.031746,0.183,0.025,0.791,0.875,0.047619,0.0,0.031746,first,3.4123,0.963,0.015873,1
inst_2a06c45764105ca8_576,0.026316,0.105,0.0,0.895,0.5927,0.039474,0.013158,0.0,first,3.1481,0.9286,0.0,0
inst_2711440c6747044a_577,0.021978,0.014,0.09,0.896,-0.6705,0.0,0.0,0.0,none,3.2056,1.0,0.0,0
inst_005dd704d2e2c0f4_578,0.15,0.0,0.126,0.874,-0.6369,0.0,0.0,0.116667,third,3.2421,1.0,0.033333,2
inst_83a2624ced4ef56a_579,0.046875,0.046,0.0,0.954,0.34,0.03125,0.015625,0.0,first,3.2015,0.9444,0.0,0
inst_9742458a4a6904c8_580,0.019231,0.076,0.0,0.924,0.5574,0.0,0.0,0.038462,third,3.8082,1.0,0.076923,4
inst_7601fec0c7663641_581,0.057692,0.162,0.0,0.838,0.7964,0.0,0.0,0.057692,third,2.714,1.0,0.0,0
inst_1f221672d81ab79d_582,0.072727,0.166,0.048,0.786,0.6573,0.072727,0.0,0.036364,first,2.9641,1.0,0.018182,1
inst_a925071178900547_583,0.0125,0.098,0.054,0.848,0.4972,0.0625,0.0,0.025,first,3.595,0.9697,0.0,0
inst_c1a0285df1e9c267_584,0.051282,0.175,0.0,0.825,0.7479,0.128205,0.025641,0.025641,first,2.8233,1.0,0.0,0
inst_15e5f33724d3d7c1_585,0.018519,0.08,0.084,0.837,-0.0534,0.018519,0.0,0.018519,first,3.6813,0.9583,0.018519,1
inst_ad8e4f033a660522_586,0.074074,0.059,0.144,0.797,-0.765,0.0,0.012346,0.074074,third,3.7711,0.9722,0.0,0
inst_35c2cbb3b24cf5e0_587,0.060606,0.0,0.299,0.701,-0.9699,0.0,0.0,0.045455,third,3.4718,1.0,0.030303,2
inst_eb4d2a917e502694_588,0.0,0.126,0.0,0.874,0.6351,0.019608,0.0,0.058824,third,3.2446,0.8125,0.0,0
inst_5751bb6e8ea0cd2e_589,0.0,0.362,0.0,0.638,0.9688,0.0,0.015625,0.0,second,2.9535,0.9714,0.015625,1
inst_761f4822b03cdc0c_590,0.028571,0.167,0.096,0.737,0.533,0.057143,0.028571,0.028571,first,3.1222,0.92,0.014286,1
inst_ef5fe4529927884a_591,0.097826,0.067,0.0,0.933,0.6652,0.0,0.01087,0.086957,third,3.6553,0.9714,0.0,0
inst_05543b28e07950ff_592,0.096774,0.0,0.0,1.0,0.0,0.016129,0.0,0.080645,third,3.1508,1.0,0.016129,1
inst_ca53abf48f65c537_593,0.0,0.101,0.027,0.872,0.6597,0.013333,0.026667,0.04,third,3.1103,0.9375,0.0,0
inst_4daf1c0eff4f94cd_594,0.031496,0.083,0.148,0.769,-0.8126,0.0,0.0,0.023622,third,3.0675,0.9483,0.007874,1
inst_8e675fc0e6e2ff9a_595,0.085106,0.083,0.0,0.917,0.8702,0.042553,0.0,0.035461,first,2.9412,1.0,0.007092,1
inst_297cf7fc804492cc_596,0.034483,0.0,0.0,1.0,0.0,0.017241,0.051724,0.051724,second,3.1567,0.913,0.017241,1
inst_ad005fa63a5d66e0_597,0.075269,0.117,0.044,0.839,0.765,0.0,0.0,0.032258,third,3.1094,0.9706,0.010753,1
inst_6a77ccb2872f87b1_598,0.118644,0.173,0.0,0.827,0.8398,0.050847,0.0,0.101695,third,3.0213,1.0,0.033898,2
inst_741c40630aa6df51_599,0.011494,0.0,0.0,1.0,0.0,0.0,0.0,0.0,none,3.6448,0.9355,0.091954,8
inst_48fd499cdbdad973_600,0.0,0.039,0.129,0.832,-0.7269,0.0,0.074627,0.014925,second,2.9213,0.9688,0.014925,1
inst_4b827edbc7339b35_601,0.0,0.137,0.09,0.773,0.4939,0.02,0.06,0.02,second,3.2696,1.0,0.0,0
inst_5602dab2dcf6c519_602,0.053333,0.081,0.035,0.885,0.4404,0.066667,0.0,0.026667,first,2.9685,0.9429,0.0,0
inst_21bb8559ade047d5_603,0.050633,0.122,0.0,0.878,0.8074,0.0,0.0,0.025316,third,2.7733,1.0,0.037975,3
inst_d076d96bcb8f7f6b_604,0.012048,0.014,0.083,0.903,-0.6808,0.0,0.060241,0.0,second,3.2278,1.0,0.0,0
inst_d285ca012e19d224_605,0.046729,0.023,0.049,0.928,-0.3291,0.018692,0.0,0.093458,third,2.8152,1.0,0.009346,1
inst_13a50be365b02816_606,0.017241,0.13,0.0,0.87,0.743,0.017241,0.0,0.0,first,3.2926,1.0,0.051724,3
inst_4ef7eb9bfbb31f9d_607,0.068182,0.044,0.0,0.956,0.5267,0.022727,0.0,0.022727,first,3.057,0.9706,0.045455,4
inst_60fcd1470b227c94_608,0.04878,0.0,0.0,1.0,0.0,0.0,0.0,0.02439,third,3.6344,1.0,0.04878,2
inst_71564590f14fb19c_609,0.057143,0.201,0.055,0.744,0.8555,0.0,0.0,0.1,third,3.4171,0.9231,0.042857,3
inst_21c5141a91901ee9_610,0.051948,0.239,0.036,0.725,0.9388,0.077922,0.025974,0.025974,first,2.7218,0.9333,0.0,0
inst_fa109f869f0fc4f2_611,0.019608,0.052,0.209,0.74,-0.7906,0.039216,0.0,0.0,first,3.6531,0.9412,0.0,0
inst_32e30cf6e6c6f38d_612,0.067669,0.031,0.111,0.858,-0.8455,0.007519,0.007519,0.007519,first,2.8951,1.0,0.022556,3
inst_56f13425be83d356_613,0.058824,0.07,0.129,0.802,-0.4215,0.0,0.0,0.117647,third,3.0435,0.9444,0.019608,1
inst_691d7dda9677230f_614,0.05618,0.0,0.0,1.0,0.0,0.0,0.0,0.067416,third,2.9976,0.9615,0.022472,2
inst_954700684c981212_615,0.0,0.061,0.048,0.891,0.1531,0.0,0.0,0.0,none,2.8745,1.0,0.018868,1
inst_fe42448ff2b835fb_616,0.038462,0.0,0.0,1.0,0.0,0.0,0.0,0.0,none,3.6852,0.9583,0.038462,2
inst_a69aeaf6cae2dda5_617,0.032787,0.026,0.0,0.974,0.0772,0.0,0.0,0.04918,third,3.595,0.8,0.016393,1
inst_76d0235c8658e139_618,0.037736,0.051,0.0,0.949,0.3612,0.0,0.0,0.018868,third,3.0575,1.0,0.037736,2
inst_d704453de0fefb0b_619,0.064516,0.111,0.0,0.889,0.7506,0.0,0.0,0.064516,third,3.0595,1.0,0.080645,5
inst_87698689faea1b36_620,0.060606,0.1,0.098,0.802,0.0258,0.0,0.0,0.045455,third,2.945,1.0,0.015152,1
inst_fe66e4bf4b420cf4_621,0.065574,0.156,0.03,0.814,0.7814,0.098361,0.0,0.016393,first,2.9958,1.0,0.016393,1
inst_006db69e90bf55fc_622,0.1,0.056,0.033,0.911,0.2714,0.02,0.0,0.02,first,3.4176,0.9545,0.0,0
inst_b7dbc4c167f81b72_623,0.084746,0.021,0.158,0.821,-0.8118,0.050847,0.0,0.118644,third,3.2386,0.9565,0.016949,1
inst_5e66d98116e9a3ca_624,0.065217,0.0,0.115,0.885,-0.5267,0.0,0.0,0.0,none,3.5631,0.9286,0.0,0
inst_ba08e837a5f0f3ae_625,0.019608,0.122,0.065,0.813,0.608,0.009804,0.0,0.068627,third,3.1868,0.9737,0.019608,2
inst_44697d944adc76b7_626,0.089109,0.116,0.043,0.841,0.6369,0.009901,0.019802,0.049505,third,2.964,1.0,0.0,0
inst_1762326c700b7bd1_627,0.098361,0.083,0.0,0.917,0.5859,0.114754,0.0,0.081967,first,2.932,1.0,0.0,0
inst_8234fa683ed3004b_628,0.036364,0.06,0.0,0.94,0.3818,0.0,0.0,0.018182,third,2.9282,0.7857,0.036364,2
inst_5e22803e450f4b43_629,0.0,0.0,0.264,0.736,-0.7998,0.023256,0.046512,0.0,second,2.7957,1.0,0.0,0
inst_cbf50bb88d1f4fe8_630,0.038462,0.198,0.0,0.802,0.8466,0.057692,0.019231,0.0,first,2.5796,0.9583,0.0,0
inst_9fcacbcdcec4ab61_631,0.0,0.0,0.093,0.907,-0.5423,0.0,0.0,0.0,none,2.97,0.5714,0.109091,6
inst_53dc500228a49111_632,0.037037,0.17,0.053,0.776,0.9236,0.037037,0.0,0.037037,first,3.1545,0.95,0.027778,3
inst_0788f7bff29056fc_633,0.017442,0.038,0.0,0.962,0.5267,0.0,0.0,0.005814,third,3.1882,0.9048,0.005814,1
inst_29f05eefdc54d2cc_634,0.082353,0.115,0.039,0.847,0.6652,0.0,0.0,0.047059,third,3.3538,0.9444,0.0,0
inst_cb6711842ab1a6f8_635,0.0,0.0,0.13,0.87,-0.8957,0.0,0.079545,0.045455,second,3.0673,1.0,0.0,0
inst_6168ed68e0e42b3a_636,0.032,0.044,0.0,0.956,0.5647,0.056,0.0,0.008,first,3.0651,1.0,0.024,3
inst_0ea04e1874490fe0_637,0.0625,0.049,0.121,0.83,-0.6808,0.0,0.0,0.0625,third,2.7422,1.0,0.041667,2
inst_ac97d5c71c5b32c4_638,0.051948,0.0,0.098,0.902,-0.7717,0.077922,0.0,0.012987,first,2.9446,1.0,0.0,0
inst_0ae75e824ca1f3bf_639,0.072727,0.104,0.0,0.896,0.6801,0.036364,0.0,0.018182,first,2.9982,0.9565,0.0,0
inst_6b22453dabf70f4a_640,0.171429,0.098,0.0,0.902,0.3818,0.028571,0.0,0.085714,third,3.7631,1.0,0.0,0
inst_51131589fa2c4f75_641,0.041667,0.099,0.0,0.901,0.848,0.010417,0.0,0.0,first,3.2676,0.9667,0.020833,2
inst_404cb9171a9bf661_642,0.056,0.092,0.043,0.865,0.7717,0.04,0.0,0.0,first,3.4604,1.0,0.016,2
inst_4ef5cf676ba5690b_643,0.119048,0.255,0.0,0.745,0.8832,0.0,0.0,0.095238,third,3.3581,0.9412,0.0,0
inst_0e786b86a01488f6_644,0.067568,0.099,0.157,0.743,-0.765,0.0,0.0,0.013514,third,2.8386,0.9333,0.027027,2
inst_780dffbaeea4d9c1_645,0.057692,0.075,0.0,0.925,0.4767,0.0,0.0,0.019231,third,3.1956,1.0,0.076923,4
inst_4281fe260f26b763_646,0.017857,0.0,0.112,0.888,-0.6908,0.0,0.0,0.017857,third,3.4,0.9474,0.0,0
inst_632832b1d96a2b47_647,0.020408,0.074,0.0,0.926,0.7501,0.0,0.0,0.010204,third,3.3015,0.9444,0.040816,4
inst_dd07b7f03ca1feff_648,0.0,0.043,0.0,0.957,0.5423,0.043478,0.0,0.008696,first,3.1671,0.98,0.0,0
inst_41a10a8544daca4a_649,0.071429,0.093,0.092,0.815,0.024,0.0,0.0,0.071429,third,3.6574,1.0,0.0,0
inst_391a03bf503479c5_650,0.08,0.0,0.0,1.0,0.0,0.1,0.0,0.02,first,2.8094,0.9474,0.0,0
inst_b83e8a13981ce997_651,0.084337,0.039,0.071,0.89,-0.3182,0.0,0.0,0.0,none,3.0047,0.9,0.024096,2
inst_6309a01f8c444039_652,0.04,0.0,0.0,1.0,0.0,0.0,0.0,0.04,third,2.5229,1.0,0.02,1
inst_68d005d23ce3ef24_653,0.098592,0.115,0.115,0.77,0.2617,0.0,0.0,0.070423,third,2.8881,0.9697,0.0,0
inst_0f903c2640b0af4d_654,0.046512,0.081,0.0,0.919,0.6369,0.0,0.0,0.011628,third,3.1441,0.8947,0.023256,2
inst_a3f386932bc8fa62_655,0.081967,0.074,0.0,0.926,0.5719,0.0,0.0,0.04918,third,3.2871,1.0,0.065574,4
inst_6b8fce4501bfbdf3_656,0.021739,0.109,0.135,0.757,-0.2732,0.043478,0.0,0.021739,first,3.4126,1.0,0.021739,1
inst_91175c4a82984144_657,0.019231,0.193,0.0,0.807,0.8519,0.019231,0.019231,0.0,first,3.0159,1.0,0.019231,1
inst_116112e43246b0f4_658,0.101695,0.044,0.04,0.916,0.0516,0.101695,0.0,0.033898,first,3.8209,1.0,0.0,0
inst_bd9aece3eff1d4cf_659,0.041667,0.074,0.0,0.926,0.4215,0.0,0.0,0.0,none,3.4589,1.0,0.020833,1
inst_c8e1f2b869403f20_660,0.088235,0.082,0.081,0.837,0.0258,0.0,0.0,0.044118,third,3.0354,0.8667,0.0,0
inst_5e867af744ea4977_661,0.0,0.0,0.0,1.0,0.0,0.0,0.0,0.0,none,3.4315,0.9286,0.0,0
inst_8a403c859acaf93f_662,0.038462,0.0,0.105,0.895,-0.6705,0.038462,0.0,0.019231,first,2.9033,1.0,0.057692,3
inst_fb1ad2062494677d_663,0.034483,0.24,0.0,0.76,0.9111,0.068966,0.0,0.051724,first,2.5505,1.0,0.017241,1
inst_b203735492b4b719_664,0.045113,0.0,0.212,0.788,-0.9806,0.0,0.0,0.015038,third,3.2794,0.9818,0.015038,2
inst_57b24787896909ff_665,0.104167,0.0,0.048,0.952,-0.2263,0.0,0.020833,0.083333,third,3.7525,1.0,0.0,0
inst_8390a9ef46ffd3fc_666,0.073171,0.0,0.024,0.976,-0.1779,0.0,0.0,0.085366,third,3.4294,0.9697,0.0,0
inst_48586305e835119b_667,0.031915,0.034,0.082,0.884,-0.503,0.0,0.0,0.053191,third,3.2016,1.0,0.0,0
inst_ed34e738daec4487_668,0.068493,0.115,0.051,0.835,0.6705,0.0,0.0,0.0,none,3.5336,0.975,0.0,0
inst_8de63121653e3121_669,0.059701,0.026,0.098,0.875,-0.6486,0.014925,0.0,0.014925,first,3.2087,1.0,0.014925,1
inst_791b3f5d34bfe5f8_670,0.053571,0.113,0.0,0.887,0.8786,0.026786,0.0,0.026786,first,2.9294,0.9706,0.035714,4
inst_7f998a057dee2aaf_671,0.0,0.04,0.0,0.96,0.168,0.0,0.041667,0.0,second,2.6615,1.0,0.0,0
inst_65c9a1090e6caaeb_672,0.020408,0.077,0.019,0.903,0.7579,0.0,0.0,0.0,none,3.0212,0.6712,0.020408,3
inst_a0daceb6e15b7173_673,0.066038,0.107,0.064,0.829,0.7556,0.009434,0.0,0.037736,third,2.8212,0.9556,0.018868,2
inst_ccaad1b34e112926_674,0.095238,0.0,0.209,0.791,-0.9678,0.019048,0.0,0.047619,third,3.0295,0.975,0.019048,2
inst_bfd3f9cf0e2603df_675,0.1,0.0,0.041,0.959,-0.3818,0.1,0.0,0.0,first,2.3928,0.9667,0.0125,1
inst_1772a8b67fac0b68_676,0.030303,0.259,0.0,0.741,0.926,0.0,0.0,0.015152,third,3.0322,0.92,0.030303,2
inst_0207847dbf453a12_677,0.056604,0.251,0.0,0.749,0.8934,0.056604,0.0,0.037736,first,2.8533,0.8571,0.018868,1
inst_19e0ef2e218b03f4_678,0.044444,0.194,0.0,0.806,0.802,0.111111,0.0,0.0,first,2.78,0.8824,0.0,0
inst_140c0a7b846809ab_679,0.055556,0.15,0.2,0.65,-0.4199,0.0,0.0,0.092593,third,3.1562,0.9286,0.0,0
inst_be680f120e7acf91_680,0.065934,0.116,0.069,0.814,0.5994,0.0,0.0,0.076923,third,3.0767,0.9706,0.010989,1
inst_785b55a44bc30702_681,0.059701,0.11,0.0,0.89,0.7351,0.0,0.0,0.059701,third,3.3169,0.9412,0.029851,2
inst_222ccae6e3698ece_682,0.049505,0.116,0.0,0.884,0.8225,0.029703,0.0,0.019802,first,3.2952,0.9767,0.009901,1
inst_293c7691b3d1b7aa_683,0.061224,0.078,0.014,0.908,0.7003,0.0,0.0,0.040816,third,3.4739,0.9778,0.0,0
inst_0676190f688476f3_684,0.059701,0.0,0.075,0.925,-0.6643,0.059701,0.014925,0.014925,first,3.0225,1.0,0.0,0
inst_9d7b5ccf2cb60ad8_685,0.0,0.046,0.021,0.934,0.3208,0.018692,0.0,0.009346,first,2.9217,0.8364,0.0,0
inst_ff03c07f3d932808_686,0.115385,0.235,0.058,0.707,0.8596,0.096154,0.0,0.0,first,3.1838,1.0,0.019231,1
inst_fe3d2e130164fc43_687,0.04386,0.106,0.0,0.894,0.8658,0.035088,0.0,0.026316,first,3.4031,1.0,0.017544,2
inst_daf5983eb357a5a3_688,0.010638,0.123,0.047,0.83,0.68,0.031915,0.010638,0.031915,first,3.3215,0.9286,0.0,0
inst_788c91c66ae1502f_689,0.0,0.0,0.0,1.0,0.0,0.0,0.019608,0.0,second,3.336,0.9375,0.0,0
inst_d8e8c3640cece1c8_690,0.073529,0.038,0.0,0.962,0.296,0.0,0.0,0.029412,third,3.7609,0.88,0.029412,2
inst_1e295f8adaeaae28_691,0.054795,0.032,0.0,0.968,0.2023,0.013699,0.013699,0.041096,third,3.7074,1.0,0.027397,2
inst_ed8da132c3e49925_692,0.074074,0.241,0.041,0.719,0.8974,0.037037,0.0,0.0,first,3.25,1.0,0.018519,1
inst_d540fe5023fa506b_693,0.029703,0.163,0.0,0.837,0.93,0.039604,0.0,0.0,first,3.1753,0.9756,0.009901,1
inst_e0be1c1dd982a414_694,0.0,0.108,0.044,0.848,0.5551,0.030769,0.030769,0.0,first,2.911,0.8077,0.0,0
inst_52253f0612032f5e_695,0.098361,0.088,0.036,0.876,0.4215,0.04918,0.0,0.04918,first,2.9075,1.0,0.032787,2
inst_310a9f408d04e4f5_696,0.0,0.0,0.059,0.941,-0.5267,0.0,0.0,0.013889,third,4.0579,0.95,0.0,0
inst_8b164f5afb6c9ab0_697,0.046875,0.272,0.068,0.661,0.9229,0.0625,0.0,0.03125,first,2.6839,1.0,0.0,0
inst_c254642dc76c1b55_698,0.0,0.086,0.105,0.809,-0.1759,0.0,0.0,0.056962,third,3.0659,0.931,0.018987,3
inst_c0f614207819ee47_699,0.016393,0.0,0.024,0.976,-0.0516,0.032787,0.0,0.016393,first,3.5896,0.9231,0.032787,2
inst_aebbff3903b66118_700,0.027027,0.034,0.0,0.966,0.4588,0.0,0.0,0.009009,third,3.28,0.875,0.054054,6
inst_7d7089b0c17f26e5_701,0.058824,0.021,0.442,0.537,-0.9838,0.0,0.0,0.058824,third,3.5065,1.0,0.039216,2
inst_f04eb4e7b8386438_702,0.020619,0.015,0.0,0.985,0.0772,0.0,0.0,0.010309,third,3.1708,0.9024,0.020619,2
inst_3675eba1deb1ab5e_703,0.032258,0.042,0.153,0.805,-0.8441,0.0,0.043011,0.010753,second,3.192,1.0,0.0,0
inst_91da0825030824db_704,0.028571,0.039,0.0,0.961,0.3612,0.0,0.0,0.0,none,3.8044,0.64,0.0,0
inst_9642f51a7def3465_705,0.065217,0.415,0.0,0.585,0.9668,0.043478,0.0,0.043478,first,2.8314,0.9167,0.021739,1
inst_3684bd44d12d33e6_706,0.030769,0.131,0.058,0.811,0.7434,0.092308,0.030769,0.005128,first,2.3448,0.9565,0.0,0
inst_ed4aa6e145608c29_707,0.017241,0.0,0.0,1.0,0.0,0.0,0.0,0.0,none,4.0507,1.0,0.017241,1
inst_5fb82f76e3df2cb9_708,0.011905,0.0,0.0,1.0,0.0,0.0,0.0,0.02381,third,3.3589,0.9655,0.0,0
inst_7b58e18e78674026_709,0.066667,0.092,0.027,0.881,0.5267,0.066667,0.016667,0.05,first,3.0604,0.9259,0.0,0
inst_47cc51f7cfd37eeb_710,0.046729,0.043,0.024,0.933,0.2023,0.11215,0.0,0.018692,first,2.9468,0.7561,0.0,0
inst_24c9fd211d7328f3_711,0.04,0.0,0.161,0.839,-0.8555,0.0,0.0,0.04,third,3.4579,0.8636,0.026667,2
inst_5a1878d69cf590e2_712,0.119403,0.049,0.0,0.951,0.4753,0.089552,0.0,0.029851,first,2.903,0.9583,0.029851,2
inst_e023369c3b5b7637_713,0.079365,0.183,0.0,0.817,0.9048,0.0,0.0,0.015873,third,3.2552,1.0,0.015873,1
inst_30212288243a6270_714,0.125,0.0,0.11,0.89,-0.4754,0.09375,0.0,0.0,first,3.16,0.8182,0.03125,1
inst_640e299d3f1754c7_715,0.063291,0.124,0.0,0.876,0.8591,0.0,0.0,0.037975,third,3.3825,1.0,0.037975,3
inst_4435895f74fbe43c_716,0.043478,0.14,0.066,0.795,0.7501,0.0,0.0,0.014493,third,2.8358,0.96,0.014493,1
inst_9b46e75599160e0b_717,0.122449,0.0,0.0,1.0,0.0,0.0,0.0,0.061224,third,4.1547,0.9375,0.0,0
inst_133f5ce77952ba34_718,0.041667,0.437,0.0,0.563,0.8707,0.0,0.0,0.0,none,2.8092,1.0,0.0,0
inst_eebf4587216cbfc4_719,0.097826,0.064,0.043,0.893,0.2023,0.0,0.0,0.021739,third,2.948,0.9375,0.01087,1
inst_6f27db1b5416f279_720,0.0,0.0,0.0,1.0,0.0,0.0,0.0,0.02,third,3.606,0.7895,0.0,0
inst_2f65b9ad572c21e3_721,0.031496,0.026,0.049,0.925,0.0516,0.0,0.0,0.031496,third,2.8639,0.9423,0.007874,1
inst_f32110db52aa9990_722,0.091954,0.0,0.069,0.931,-0.6908,0.0,0.0,0.022989,third,3.2987,1.0,0.0,0
inst_b9fb7edb6a9a5e2d_723,0.056338,0.109,0.0,0.891,0.6124,0.028169,0.014085,0.056338,third,2.933,1.0,0.0,0
inst_708854064a2573b7_724,0.032787,0.0,0.0,1.0,0.0,0.0,0.0,0.04918,third,3.2958,1.0,0.016393,1
inst_e4b86fab955cc424_725,0.016129,0.288,0.038,0.673,0.9442,0.032258,0.0,0.048387,third,2.817,0.9,0.0,0
inst_b6112ab664a302f8_726,0.0625,0.2,0.0,0.8,0.9595,0.008929,0.0,0.044643,third,2.9277,0.9792,0.008929,1
inst_2dac9961ad6d4735_727,0.052632,0.048,0.0,0.952,0.34,0.0,0.0,0.035088,third,3.5491,1.0,0.052632,3
inst_17ff36f3b99a0616_728,0.0,0.151,0.0,0.849,0.8176,0.013514,0.0,0.0,first,3.2433,0.9231,0.027027,2
inst_67179a996fae080b_729,0.145455,0.05,0.117,0.833,-0.4939,0.072727,0.018182,0.090909,third,3.5624,1.0,0.0,0
inst_683ed4303596fd83_730,0.030928,0.046,0.0,0.954,0.4404,0.0,0.0,0.0,none,3.0474,0.8947,0.020619,2
inst_10fa97a1f67cf7c3_731,0.101266,0.0,0.087,0.913,-0.7003,0.0,0.0,0.037975,third,3.5306,1.0,0.037975,3
inst_f3f20803fde43c2b_732,0.044444,0.14,0.0,0.86,0.6739,0.044444,0.022222,0.0,first,3.1842,0.95,0.0,0
inst_8a2a52f72ddab1dc_733,0.0,0.28,0.177,0.543,0.7822,0.021739,0.0,0.0,first,2.5979,0.9048,0.021739,1
inst_c08ade7847565ab2_734,0.093023,0.0,0.082,0.918,-0.4939,0.0,0.0,0.0,none,3.6913,1.0,0.0,0
inst_7e41d3e05ff3330a_735,0.050847,0.079,0.085,0.836,-0.1027,0.0,0.0,0.0,none,3.3063,0.9722,0.0,0
inst_ac5f30cecfd0a370_736,0.046875,0.0,0.0,1.0,0.0,0.0,0.0,0.0,none,3.5165,1.0,0.0,0
inst_c8c607f6156ad5ee_737,0.04,0.076,0.028,0.896,0.6572,0.01,0.02,0.06,third,2.8026,0.9444,0.0,0
inst_429a1be79ff77962_738,0.0,0.0,0.0,1.0,0.0,0.0,0.0,0.0,none,2.8025,1.0,0.041667,1
inst_1ade4189966f300b_739,0.073171,0.187,0.051,0.762,0.8464,0.04878,0.0,0.02439,first,2.85,1.0,0.036585,3
inst_149cc69979fbc7c6_740,0.048387,0.144,0.05,0.807,0.8225,0.0,0.0,0.048387,third,2.4319,0.9394,0.016129,2
inst_63215961dffaf19d_741,0.0875,0.0,0.028,0.972,-0.1901,0.0,0.0,0.0125,third,3.3784,0.9697,0.0,0
inst_7f88733d1ccd2487_742,0.0,0.03,0.171,0.798,-0.8658,0.0,0.0,0.0,none,3.2057,0.8333,0.0,0
inst_26e2c41705ba93d0_743,0.037383,0.079,0.0,0.921,0.7579,0.0,0.0,0.028037,third,3.4254,1.0,0.0,0
inst_6d15c8d87670bf0b_744,0.053763,0.036,0.051,0.913,-0.0567,0.010753,0.0,0.032258,third,3.8889,1.0,0.032258,3
inst_cfa43b30e9082b6d_745,0.093023,0.091,0.033,0.876,0.7152,0.0,0.0,0.0,none,3.0136,1.0,0.011628,1
inst_bb36704688a8026c_746,0.059701,0.08,0.28,0.64,-0.9847,0.0,0.0,0.037313,third,3.1348,0.931,0.0,0
inst_2aa7245b2451795e_747,0.021739,0.094,0.032,0.874,0.6808,0.0,0.0,0.0,none,3.8464,0.88,0.043478,4
inst_609e33fdafd201a1_748,0.015625,0.113,0.038,0.849,0.6705,0.0625,0.015625,0.046875,first,2.8704,1.0,0.015625,1
inst_2f29111174356731_749,0.067308,0.092,0.019,0.889,0.7691,0.0,0.0,0.009615,third,3.0512,0.9545,0.028846,3
inst_b8363976ff90cb2d_750,0.054348,0.11,0.025,0.865,0.7959,0.032609,0.0,0.065217,third,2.6991,0.9429,0.0,0
inst_68b4afea24441849_751,0.040816,0.226,0.0,0.774,0.842,0.081633,0.0,0.020408,first,2.3218,1.0,0.040816,2
inst_b7f4f96316939de8_752,0.052632,0.274,0.035,0.69,0.9688,0.0,0.0,0.026316,third,3.2817,0.9459,0.0,0
inst_97543ff8226510b7_753,0.1,0.081,0.133,0.786,-0.3059,0.171429,0.0,0.014286,first,2.3858,0.96,0.014286,1
inst_d8c470e71c2b25fe_754,0.081395,0.149,0.0,0.851,0.887,0.05814,0.0,0.081395,third,3.1362,0.9286,0.0,0
inst_a90b78a13cc6fb3a_755,0.028986,0.04,0.152,0.808,-0.784,0.043478,0.014493,0.043478,first,2.6639,0.9655,0.028986,2
inst_dae5c901b787f0ed_756,0.052632,0.049,0.167,0.784,-0.9081,0.0,0.021053,0.042105,third,2.8483,0.9762,0.031579,3
inst_a50ea4cd84cfb824_757,0.033708,0.224,0.079,0.698,0.936,0.033708,0.0,0.022472,first,2.9511,0.9474,0.0,0
inst_8ce908b0c9d76402_758,0.051724,0.108,0.092,0.799,-0.0258,0.0,0.0,0.017241,third,2.9196,1.0,0.017241,1
inst_f17b9404217460d2_759,0.031496,0.069,0.0,0.931,0.765,0.023622,0.0,0.023622,first,2.8798,1.0,0.007874,1
inst_0596a31ab2914cc5_760,0.014286,0.136,0.046,0.818,0.7579,0.0,0.0,0.014286,third,2.8213,0.9583,0.042857,3
inst_f9c8fbd43c9e190d_761,0.074627,0.0,0.0,1.0,0.0,0.0,0.0,0.044776,third,3.7063,1.0,0.059701,4
inst_98ebd255588d9884_762,0.071429,0.079,0.113,0.808,-0.3614,0.035714,0.0,0.059524,third,3.0346,0.8966,0.0,0
inst_5795d26341f7c42c_763,0.084507,0.0,0.044,0.956,-0.4019,0.0,0.0,0.042254,third,3.5397,0.9677,0.0,0
inst_d7a14d4bc879efc5_764,0.116279,0.08,0.119,0.801,-0.1027,0.023256,0.0,0.093023,third,3.7424,0.9444,0.0,0
inst_b1065bd8210f079a_765,0.017544,0.17,0.035,0.795,0.8141,0.017544,0.017544,0.087719,third,3.1379,0.9048,0.0,0
inst_cd606cbd434c21e9_766,0.052632,0.108,0.042,0.85,0.7456,0.007519,0.0,0.0,first,3.8925,0.898,0.030075,4
inst_fa3e270c539400ac_767,0.0,0.053,0.078,0.87,-0.2732,0.0,0.0,0.0,none,2.8835,0.9524,0.021277,1
inst_13afece3ae3fb475_768,0.0,0.099,0.0,0.901,0.7778,0.0,0.013889,0.013889,second,2.6426,0.9189,0.0,0
inst_d08b846de6c7b25b_769,0.084211,0.183,0.0,0.817,0.9348,0.0,0.0,0.063158,third,3.1535,0.7931,0.0,0
inst_54245243ef4e12c0_770,0.020408,0.0,0.0,1.0,0.0,0.0,0.0,0.040816,third,3.21,1.0,0.020408,1
inst_2ea897a22b742076_771,0.12963,0.102,0.063,0.835,0.6249,0.0,0.0,0.037037,third,3.5105,1.0,0.0,0
inst_c394de6da292c872_772,0.0,0.0,0.0,1.0,0.0,0.0,0.0,0.0,none,,0.0,0.1,1
inst_c7af45e2441822a2_773,0.06383,0.114,0.304,0.582,-0.8779,0.0,0.0,0.085106,third,2.7483,1.0,0.0,0
inst_43c3bbe21a715fd0_774,0.051282,0.045,0.094,0.861,-0.5719,0.0,0.0,0.025641,third,3.2645,1.0,0.025641,2
inst_d9a161a36d87b195_775,0.090909,0.037,0.1,0.863,-0.6832,0.0,0.0,0.116883,third,3.3835,0.9714,0.0,0
inst_518203962bed7956_776,0.009259,0.064,0.0,0.936,0.6531,0.0,0.092593,0.009259,second,2.9937,1.0,0.0,0
inst_127632350f6622c5_777,0.071429,0.0,0.125,0.875,-0.6908,0.0,0.0,0.053571,third,2.7533,0.8824,0.0,0
inst_eaa3c4b5e0ec82ed_778,0.042857,0.08,0.0,0.92,0.6369,0.0,0.0,0.0,none,3.5246,1.0,0.014286,1
inst_57b3ced681a14213_779,0.033613,0.245,0.0,0.755,0.9774,0.0,0.0,0.042017,third,3.01,0.9464,0.016807,2
inst_a1d5d856463bd455_780,0.036585,0.2,0.1,0.699,0.9111,0.036585,0.0,0.02439,first,2.8172,1.0,0.012195,1
inst_0343ced96f63d676_781,0.080645,0.0,0.202,0.798,-0.8555,0.0,0.0,0.064516,third,3.828,1.0,0.0,0
inst_bb6197cdcd997781_782,0.033113,0.201,0.016,0.782,0.975,0.013245,0.0,0.02649,third,3.0862,0.9667,0.019868,3
inst_c70c40fd39d7e065_783,0.05,0.359,0.0,0.641,0.9676,0.066667,0.0,0.016667,first,2.9587,1.0,0.016667,1
inst_28e04568d59359b4_784,0.038095,0.035,0.201,0.764,-0.9511,0.0,0.0,0.066667,third,3.1257,1.0,0.009524,1
inst_0fb3ab06aaa53469_785,0.042105,0.051,0.0,0.949,0.5267,0.0,0.0,0.021053,third,3.315,0.9412,0.031579,3
inst_3c130e3c61cc9f9a_786,0.044776,0.051,0.0,0.949,0.4215,0.0,0.0,0.059701,third,3.8071,0.5833,0.044776,3
inst_b00c48cb4f0376f4_787,0.026316,0.043,0.0,0.957,0.4215,0.013158,0.0,0.026316,third,2.6161,0.9474,0.039474,3
inst_4515e341095659d2_788,0.045977,0.066,0.0,0.934,0.6249,0.0,0.0,0.011494,third,3.296,0.9375,0.0,0
inst_fff7cd9df8a9a329_789,0.085106,0.114,0.0,0.886,0.5423,0.021277,0.0,0.148936,third,3.3655,0.8462,0.0,0
inst_29e1d9ee1976a861_790,0.025,0.0,0.0,1.0,0.0,0.025,0.025,0.025,first,3.0575,0.9231,0.0,0
inst_bb93c7cc77e46eca_791,0.065217,0.136,0.0,0.864,0.6369,0.0,0.0,0.065217,third,3.1443,0.7,0.0,0
inst_576f055a4170f0b2_792,0.0,0.062,0.0,0.938,0.5854,0.051546,0.0,0.0,first,2.5623,1.0,0.0,0
inst_2f4c25b4a9543095_793,0.117647,0.095,0.0,0.905,0.4404,0.117647,0.0,0.0,first,3.5879,1.0,0.0,0
inst_a684caa3d23b0a65_794,0.018519,0.08,0.059,0.861,-0.0,0.037037,0.018519,0.055556,third,3.0262,1.0,0.0,0
inst_5df837381cea8077_795,0.064516,0.155,0.023,0.823,0.9024,0.0,0.0,0.053763,third,3.2324,0.8718,0.021505,2
inst_c5093da00d17a3f8_796,0.014085,0.158,0.095,0.748,0.5859,0.0,0.0,0.0,none,3.2336,0.7778,0.042254,3
inst_381976065759ff69_797,0.051724,0.101,0.046,0.853,0.631,0.017241,0.0,0.0,first,3.0929,0.9032,0.0,0
inst_fa0e9441ca17dea9_798,0.06,0.089,0.0,0.911,0.5994,0.12,0.0,0.0,first,3.3247,1.0,0.02,1
inst_a6fdeb39ef48faa0_799,0.016949,0.277,0.0,0.723,0.9322,0.033898,0.033898,0.016949,first,3.1287,1.0,0.0,0
inst_b6e127b5bb3f2961_800,0.0,0.224,0.0,0.776,0.7351,0.057143,0.142857,0.0,second,3.0808,1.0,0.0,0
inst_16eb745b32398fcd_801,0.041237,0.064,0.0,0.936,0.5859,0.0,0.0,0.0,none,3.3897,0.9688,0.030928,3
inst_f096f6bedc3a408e_802,0.090909,0.0,0.0,1.0,0.0,0.0,0.0,0.022727,third,3.1933,1.0,0.022727,1
inst_6abdd3b9aa676049_803,0.037975,0.216,0.0,0.784,0.9313,0.037975,0.0,0.0,first,3.0594,1.0,0.012658,1
inst_575d39f176eff33c_804,0.087719,0.0,0.0,1.0,0.0,0.052632,0.0,0.070175,third,2.9257,0.9545,0.0,0
inst_769b2135bde10e47_805,0.040816,0.132,0.0,0.868,0.7003,0.0,0.0,0.0,none,3.488,0.8333,0.061224,3
inst_6ec108be37d32d48_806,0.061224,0.14,0.0,0.86,0.7184,0.0,0.0,0.020408,third,3.0821,1.0,0.040816,2
inst_fe79102431b48ea1_807,0.0,0.0,0.0,1.0,0.0,0.0,0.0,0.065574,third,3.2659,1.0,0.0,0
inst_3fa35699d68f2895_808,0.013158,0.196,0.035,0.769,0.9144,0.013158,0.0,0.065789,third,2.545,0.963,0.0,0
inst_5571042d030aded8_809,0.085106,0.325,0.0,0.675,0.937,0.021277,0.021277,0.042553,third,2.9595,0.9565,0.0,0
inst_bb8f8728183359fd_810,0.078431,0.0,0.0,1.0,0.0,0.0,0.0,0.019608,third,3.8017,1.0,0.078431,4
inst_d4bdb32e504b50ef_811,0.027523,0.064,0.0,0.936,0.5994,0.0,0.0,0.027523,third,3.3424,0.9388,0.018349,2
inst_d6455bd1b6bb077f_812,0.037037,0.027,0.111,0.862,-0.8689,0.0,0.0,0.027778,third,3.0998,0.9318,0.046296,5
inst_2fd12f4736c0f5db_813,0.06,0.222,0.078,0.7,0.7183,0.02,0.04,0.04,second,2.871,0.9091,0.0,0
inst_344f83f8b65daae0_814,0.048387,0.221,0.028,0.75,0.9271,0.096774,0.0,0.0,first,2.9616,0.95,0.016129,1
inst_eaf2c93ab42007c5_815,0.01227,0.077,0.0,0.923,0.8689,0.0,0.0,0.055215,third,2.8649,0.9661,0.01227,2
inst_ec9331e33d449f8f_816,0.103448,0.063,0.091,0.847,-0.3919,0.017241,0.0,0.051724,third,2.975,1.0,0.0,0
inst_aa1e7cebe7a94192_817,0.028169,0.144,0.0,0.856,0.8625,0.0,0.0,0.028169,third,3.0242,0.9048,0.0,0
inst_4f08bbb65439c837_818,0.0,0.228,0.022,0.75,0.9686,0.0,0.0,0.037736,third,3.1,0.9318,0.0,0
inst_74f7a26dbaf6193e_819,0.035714,0.0,0.0,1.0,0.0,0.0,0.0,0.107143,third,3.236,1.0,0.0,0
inst_7f7f844dbbf1812f_820,0.061404,0.027,0.096,0.877,-0.7547,0.0,0.0,0.017544,third,2.9851,0.975,0.026316,3
inst_cb90088b4e4aca3f_821,0.098361,0.148,0.037,0.815,0.7574,0.081967,0.0,0.032787,first,2.8341,1.0,0.0,0
inst_c95f7e1ee16ff4db_822,0.059701,0.081,0.0,0.919,0.6124,0.044776,0.029851,0.014925,first,3.2786,1.0,0.0,0
inst_6f622a272262be0f_823,0.080645,0.039,0.0,0.961,0.25,0.016129,0.032258,0.032258,second,3.601,0.9545,0.016129,1
inst_b38286aa0f621bb3_824,0.046875,0.1,0.0,0.9,0.7184,0.0,0.0,0.0,none,3.7715,0.9524,0.03125,2
inst_0360b4be2f7cac65_825,0.084507,0.202,0.045,0.753,0.9306,0.070423,0.014085,0.014085,first,2.5981,1.0,0.0,0
inst_632832b1d96a2b47_826,0.020408,0.074,0.0,0.926,0.7501,0.0,0.0,0.010204,third,3.3015,0.9444,0.040816,4
inst_fd346bbb77595a4f_827,0.019231,0.055,0.0,0.945,0.296,0.0,0.0,0.0,none,2.956,0.75,0.019231,1
inst_c364919d86948fe4_828,0.095238,0.066,0.076,0.859,-0.2013,0.083333,0.0,0.02381,first,3.1368,1.0,0.011905,1
inst_18d21727316e2c1b_829,0.0,0.0,0.0,1.0,0.0,0.016393,0.0,0.0,first,2.9748,0.8929,0.032787,2
inst_a200c5505f2bef3a_830,0.072727,0.032,0.0,0.968,0.128,0.0,0.0,0.054545,third,3.0723,1.0,0.072727,4
inst_b1736211ec6f3d0e_831,0.026316,0.064,0.027,0.909,0.4588,0.0,0.0,0.035088,third,3.5095,0.9048,0.026316,3
inst_b8fa961aa6b9e381_832,0.019737,0.07,0.038,0.892,0.6369,0.039474,0.0,0.006579,first,3.6488,0.9583,0.0,0
inst_74fa2598cafe7593_833,0.064516,0.185,0.077,0.738,0.7741,0.080645,0.0,0.0,first,3.2761,1.0,0.032258,2
inst_fc34a5d9a56d003f_834,0.0,0.105,0.0,0.895,0.4898,0.057143,0.0,0.0,first,3.2753,1.0,0.0,0
inst_18a4a2bd70c5fbab_835,0.042553,0.014,0.219,0.767,-0.9657,0.010638,0.021277,0.074468,third,2.4942,1.0,0.010638,1
inst_4b26df67dc0f9949_836,0.060606,0.127,0.039,0.834,0.7564,0.015152,0.0,0.075758,third,2.706,0.9091,0.0,0
inst_15964cbee58f8d43_837,0.047619,0.083,0.0,0.917,0.4588,0.0,0.0,0.0,none,3.3533,1.0,0.047619,2
inst_ba85464dcdd97b55_838,0.048077,0.032,0.059,0.909,-0.4019,0.0,0.0,0.019231,third,3.2012,0.85,0.009615,1
inst_4de61da09c0d167d_839,0.087912,0.099,0.196,0.705,-0.9022,0.0,0.021978,0.120879,third,2.998,1.0,0.021978,2
inst_56d9c487ca668d3c_840,0.075949,0.044,0.052,0.904,-0.128,0.037975,0.0,0.025316,first,3.07,0.963,0.025316,2
inst_d9fa9ac28d830685_841,0.103093,0.057,0.021,0.922,0.4915,0.0,0.0,0.061856,third,3.3788,0.9231,0.0,0
inst_fe7b2586bbde1245_842,0.022727,0.094,0.104,0.802,0.0803,0.085227,0.0,0.034091,first,3.0417,0.942,0.0,0
inst_a3259d965f7966e5_843,0.078125,0.0,0.089,0.911,-0.4236,0.03125,0.0,0.078125,third,2.9059,1.0,0.0,0
inst_055c347f0652ac8d_844,0.018519,0.158,0.045,0.798,0.7003,0.0,0.0,0.0,none,2.9992,0.9286,0.0,0
inst_b8b039830e8a9d58_845,0.0625,0.041,0.0,0.959,0.3182,0.0,0.0,0.03125,third,3.1075,1.0,0.015625,1
inst_5ebfd824e4deba34_846,0.033898,0.127,0.025,0.847,0.7003,0.067797,0.0,0.033898,first,2.6222,0.9474,0.0,0
inst_c364919d86948fe4_847,0.095238,0.066,0.076,0.859,-0.2013,0.083333,0.0,0.02381,first,3.1368,1.0,0.011905,1
inst_a833d6ab137c5b55_848,0.082569,0.059,0.079,0.862,-0.0129,0.073394,0.0,0.036697,first,3.2826,0.8444,0.009174,1
inst_7c3f77d09fec868d_849,0.044118,0.234,0.0,0.766,0.9358,0.117647,0.0,0.014706,first,3.1453,0.9714,0.0,0
inst_e1e4e0d98469211c_850,0.04878,0.132,0.0,0.868,0.8689,0.0,0.0,0.02439,third,2.6857,0.9375,0.0,0
inst_9f820f305617c1c0_851,0.0,0.202,0.0,0.798,0.8114,0.0,0.115385,0.076923,second,2.5373,0.8824,0.0,0
inst_8acd3c9fca3840df_852,0.046512,0.026,0.0,0.974,0.296,0.023256,0.0,0.011628,first,3.4951,1.0,0.0,0
inst_35b2360cebfbb0bb_853,0.063291,0.0,0.173,0.827,-0.9152,0.0,0.0,0.037975,third,3.8283,1.0,0.0,0
inst_cd0b6dd532bae954_854,0.0,0.043,0.0,0.957,0.34,0.016129,0.0,0.0,first,3.5345,0.9167,0.048387,3
inst_caf851a03815fc05_855,0.074074,0.0,0.0,1.0,0.0,0.0,0.0,0.018519,third,3.6936,1.0,0.055556,3
inst_b83e8a13981ce997_856,0.084337,0.039,0.071,0.89,-0.3182,0.0,0.0,0.0,none,3.0047,0.9,0.024096,2
inst_f4df00a80805253b_857,0.006024,0.061,0.015,0.924,0.7096,0.0,0.0,0.012048,third,4.0714,0.8923,0.006024,1
inst_22427a48b65ec493_858,0.069767,0.041,0.028,0.931,0.25,0.0,0.0,0.023256,third,3.4245,1.0,0.034884,3
inst_479fc28ee174b418_859,0.019481,0.061,0.127,0.813,-0.9146,0.038961,0.032468,0.012987,first,3.0498,0.9821,0.006494,1
inst_87e924274f56e6e6_860,0.065574,0.114,0.0,0.886,0.743,0.016393,0.0,0.016393,first,3.5814,0.9565,0.016393,1
inst_aa1d838ac5cd3909_861,0.009259,0.0,0.099,0.901,-0.8225,0.0,0.0,0.009259,third,3.3135,1.0,0.0,0
inst_bed09d90568cea6a_862,0.025,0.209,0.08,0.711,0.6767,0.05,0.0,0.0,first,2.8856,1.0,0.0,0
inst_dc5275b0492b8bb3_863,0.040541,0.075,0.054,0.871,0.128,0.0,0.0,0.040541,third,3.2596,1.0,0.013514,1
inst_39543bafdb79fc5c_864,0.103896,0.0,0.053,0.947,-0.5719,0.0,0.0,0.090909,third,2.6766,1.0,0.038961,3
inst_d434ea8e55c1b5b2_865,0.047619,0.155,0.027,0.818,0.8834,0.0,0.0,0.130952,third,2.9997,0.9722,0.035714,3
inst_ff0ba28e26323323_866,0.0,0.0,0.1,0.9,-0.3736,0.066667,0.066667,0.0,first,3.9014,0.7,0.0,0
inst_243a2dbe2584e5b3_867,0.0,0.0,0.075,0.925,-0.296,0.0,0.0,0.0,none,,0.0,0.0,0
inst_701c3ef6feddbddb_868,0.037975,0.0,0.063,0.937,-0.5537,0.012658,0.0,0.025316,third,3.1572,0.9615,0.0,0
inst_98e4931c1a3e9f25_869,0.0,0.067,0.0,0.933,0.4215,0.0,0.0,0.0,none,3.549,0.9091,0.09434,5
inst_8a2e23d8ea48daf9_870,0.046875,0.104,0.112,0.783,-0.4676,0.007812,0.0,0.015625,third,3.2473,0.9655,0.023438,3
inst_e0d4c83d23403e9c_871,0.0625,0.041,0.101,0.858,-0.3818,0.0,0.0,0.078125,third,2.812,0.9524,0.03125,2
inst_a225f7be450b76be_872,0.0,0.147,0.0,0.853,0.7761,0.0,0.0,0.03125,third,2.7808,1.0,0.015625,1
inst_847f5307a3cdc95d_873,0.151899,0.115,0.0,0.885,0.7943,0.075949,0.0,0.025316,first,2.6625,0.9655,0.012658,1
inst_9eafd58f111fa77d_874,0.075,0.0,0.121,0.879,-0.8271,0.0,0.0,0.0125,third,3.435,0.96,0.025,2
inst_0e4bf3b647adeb7d_875,0.0,0.0,0.0,1.0,0.0,0.0,0.0,0.0,none,,0.0,0.0,0
inst_5ea8c4e5d08edc0d_876,0.054795,0.156,0.089,0.754,0.5994,0.027397,0.0,0.013699,first,3.1335,0.9583,0.0,0
inst_1528bd5f15fe8fbf_877,0.055556,0.049,0.0,0.951,0.296,0.0,0.0,0.0,none,2.9032,0.9048,0.074074,4
inst_c5c44be603228e7a_878,0.063492,0.279,0.0,0.721,0.9528,0.047619,0.0,0.047619,first,2.4543,1.0,0.0,0
inst_c50ceb42897e9f4c_879,0.098039,0.209,0.0,0.791,0.9607,0.088235,0.0,0.019608,first,3.0329,0.9767,0.0,0
inst_8ba956ab643fdb68_880,0.017699,0.147,0.075,0.778,0.7783,0.00885,0.0,0.053097,third,3.1853,0.9348,0.0,0
inst_0c8cac99c276b0f3_881,0.060606,0.176,0.0,0.824,0.8442,0.0,0.0,0.0,none,3.1697,1.0,0.0,0
inst_847e717d4b4dd323_882,0.066667,0.057,0.028,0.916,0.25,0.053333,0.04,0.013333,first,3.383,1.0,0.0,0
inst_3a66f493c6a99621_883,0.017241,0.253,0.0,0.747,0.9274,0.034483,0.034483,0.017241,first,2.8708,1.0,0.0,0
inst_ebcbcdb7dd10a9bc_884,0.011905,0.076,0.08,0.844,0.1901,0.0,0.0,0.02381,third,3.346,0.9677,0.0,0
inst_c5aef4d58c8a9bce_885,0.063492,0.066,0.219,0.715,-0.8881,0.0,0.0,0.031746,third,2.9521,1.0,0.0,0
inst_78b368a4da228ade_886,0.041667,0.138,0.048,0.813,0.6229,0.125,0.020833,0.0,first,2.8408,0.9231,0.020833,1
inst_b4b98d28c50bbd27_887,0.142857,0.04,0.151,0.809,-0.6369,0.081633,0.0,0.061224,first,3.2213,1.0,0.020408,1
inst_cadcf07b3ffdc0c1_888,0.023529,0.164,0.053,0.783,0.7845,0.0,0.0,0.035294,third,3.1242,0.9231,0.058824,5
inst_52c9eb7a35e28ab0_889,0.0,0.12,0.117,0.763,-0.4215,0.0,0.0,0.0,none,2.99,1.0,0.014925,1
inst_2efc559644bdbad7_890,0.054054,0.087,0.034,0.879,0.5272,0.094595,0.0,0.0,first,2.7435,0.963,0.0,0
inst_669b1faad30b5dd6_891,0.067416,0.0,0.083,0.917,-0.7003,0.0,0.0,0.022472,third,3.5607,0.9355,0.0,0
inst_814bc89c1f4ae086_892,0.037975,0.025,0.0,0.975,0.1779,0.037975,0.0,0.012658,first,3.2028,0.9259,0.063291,5
inst_a010819b1919c8b9_893,0.060241,0.048,0.144,0.808,-0.7989,0.048193,0.0,0.072289,third,2.9456,1.0,0.0,0
inst_0af34157275b4f54_894,0.0,0.082,0.0,0.918,0.4912,0.016129,0.0,0.112903,third,2.7681,0.963,0.0,0
inst_d4e8824e7140a6b3_895,0.006579,0.024,0.308,0.668,-0.9931,0.013158,0.0,0.052632,third,2.6634,1.0,0.0,0
inst_5fac10d70a3aa4d4_896,0.031915,0.185,0.017,0.798,0.9384,0.0,0.0,0.021277,third,3.1674,0.9722,0.031915,3
inst_39963db621ef27e9_897,0.015385,0.135,0.0,0.865,0.7888,0.030769,0.015385,0.0,first,2.9113,0.9583,0.015385,1
inst_0a2a14380a953bb9_898,0.1,0.037,0.144,0.819,-0.6705,0.06,0.0,0.02,first,3.0044,0.9412,0.02,1
inst_ecbea3cfe2a9edcc_899,0.054545,0.0,0.105,0.895,-0.7184,0.0,0.0,0.045455,third,3.1126,1.0,0.018182,2
inst_e06aca073c9f8439_900,0.045714,0.037,0.015,0.949,0.4767,0.011429,0.0,0.0,first,3.4157,0.9625,0.011429,2
inst_666f6e6a89fca348_901,0.037037,0.145,0.0,0.855,0.743,0.037037,0.018519,0.0,first,2.6436,1.0,0.0,0
inst_c4b6008d2db76a0f_902,0.050505,0.0,0.0,1.0,0.0,0.040404,0.0,0.020202,first,3.3191,0.9189,0.0,0
inst_5cb98dcec263a74c_903,0.016216,0.086,0.054,0.86,0.6486,0.005405,0.0,0.043243,third,3.1019,0.8312,0.016216,3
inst_7121f0b2860da0a1_904,0.053333,0.051,0.185,0.764,-0.8807,0.013333,0.0,0.013333,first,3.1484,0.9688,0.013333,1
inst_b6e580fd9662ff65_905,0.013699,0.0,0.065,0.935,-0.5267,0.0,0.0,0.0,none,2.9843,0.9375,0.013699,1
inst_ba24290c28dd6bc1_906,0.1,0.081,0.0,0.919,0.4927,0.08,0.0,0.04,first,3.3665,0.9583,0.0,0
inst_399f54de25cc515c_907,0.032787,0.105,0.152,0.743,-0.5647,0.114754,0.0,0.0,first,2.8816,0.9259,0.016393,1
inst_5f65bb82058c5ad6_908,0.108108,0.11,0.146,0.744,-0.1759,0.0,0.0,0.081081,third,3.1538,1.0,0.0,0
inst_f3b90f3cee6f4794_909,0.032258,0.038,0.13,0.832,-0.6999,0.032258,0.0,0.0,first,3.0105,0.875,0.016129,1
inst_97c18643bb4bd1e8_910,0.097222,0.0,0.244,0.756,-0.9565,0.0,0.0,0.027778,third,3.2426,1.0,0.027778,2
inst_40c24452ae81893f_911,0.051282,0.055,0.023,0.922,0.3197,0.0,0.0,0.025641,third,3.2904,0.9231,0.051282,4
inst_0a2a14380a953bb9_912,0.1,0.037,0.144,0.819,-0.6705,0.06,0.0,0.02,first,3.0044,0.9412,0.02,1
inst_8b5ad0f199f46d92_913,0.013333,0.041,0.02,0.939,0.3408,0.0,0.0,0.0,none,3.4706,0.9697,0.0,0
inst_fb3a4c055cdadf85_914,0.052288,0.079,0.03,0.891,0.7886,0.0,0.0,0.019608,third,2.7732,0.9778,0.006536,1
inst_a22144ac3021de37_915,0.035088,0.193,0.0,0.807,0.8834,0.0,0.0,0.0,none,3.2773,0.8462,0.0,0
inst_bbad66b3ba506e0c_916,0.076923,0.085,0.11,0.805,-0.0516,0.028846,0.0,0.105769,third,2.9536,0.9167,0.0,0
inst_80310e8dea540fa3_917,0.006803,0.187,0.029,0.784,0.8736,0.013605,0.0,0.047619,third,2.9333,0.8596,0.0,0
inst_6291c9727cbb80cc_918,0.037975,0.199,0.052,0.749,0.8906,0.012658,0.012658,0.050633,third,3.6396,0.963,0.0,0
inst_7f4dd8055c26ba92_919,0.031579,0.137,0.0,0.863,0.8951,0.063158,0.0,0.010526,first,3.1513,0.9583,0.0,0
inst_0f204d2a8af8f078_920,0.05,0.117,0.097,0.786,0.4497,0.0,0.0,0.04,third,3.2467,0.9474,0.05,5
inst_161c3b923620797a_921,0.056338,0.0,0.0,1.0,0.0,0.0,0.0,0.0,none,3.4671,0.9688,0.028169,2
inst_3aebd71530da334f_922,0.074074,0.256,0.034,0.71,0.9166,0.092593,0.018519,0.018519,first,3.0772,1.0,0.0,0
inst_2d3626e4bc4f78f7_923,0.0,0.026,0.0,0.974,0.0772,0.0,0.0,0.017544,third,3.3432,1.0,0.017544,1
inst_fa6d7fcadaaf913d_924,0.048387,0.14,0.055,0.805,0.5719,0.0,0.0,0.016129,third,3.0115,0.8966,0.016129,1
inst_0ed9477a3dda5231_925,0.012987,0.041,0.176,0.783,-0.8885,0.0,0.0,0.064935,third,3.27,1.0,0.038961,3
inst_86ecac63df60eeeb_926,0.031746,0.0,0.196,0.804,-0.8883,0.047619,0.015873,0.063492,third,3.4295,1.0,0.0,0
inst_7594146db0aa95c1_927,0.09375,0.034,0.118,0.848,-0.5118,0.03125,0.0,0.03125,first,3.3489,0.931,0.0,0
inst_54a6b061dd30db17_928,0.0,0.0,0.0,1.0,0.0,0.0,0.0,0.0,none,3.37,0.5,0.03125,1
inst_f55c44dcb6f7990a_929,0.0,0.0,0.0,1.0,0.0,0.0,0.0,0.0,none,2.992,0.3333,0.027027,1
inst_97282e91ccf76981_930,0.114943,0.052,0.186,0.762,-0.8846,0.011494,0.0,0.022989,third,3.0644,0.9412,0.034483,3
inst_ecd18301f66d40a3_931,0.06383,0.387,0.0,0.613,0.9649,0.085106,0.042553,0.085106,first,3.0233,1.0,0.0,0
inst_8993d56fe407d118_932,0.04918,0.112,0.0,0.888,0.7351,0.0,0.0,0.016393,third,3.2612,1.0,0.032787,2
inst_27ec90951cc7e46a_933,0.0,0.0,0.225,0.775,-0.7003,0.030303,0.0,0.030303,first,2.7967,0.9231,0.0,0
inst_ae36bcbc279bdb78_934,0.04,0.182,0.0,0.818,0.6792,0.04,0.02,0.0,first,2.9316,1.0,0.02,1
inst_38d676b48cd72593_935,0.026316,0.044,0.0,0.956,0.4019,0.0,0.0,0.013158,third,3.5591,0.9583,0.026316,2
inst_bf1d8f8cf21b0c42_936,0.0,0.0,0.191,0.809,-0.7096,0.0,0.0,0.05,third,2.7814,0.9333,0.0,0
inst_2b8bd230941e2710_937,0.030303,0.254,0.109,0.638,0.8835,0.060606,0.0,0.045455,first,3.1189,0.9655,0.015152,1
inst_39d1b72c229a0003_938,0.083333,0.086,0.0,0.914,0.4939,0.0625,0.0,0.083333,third,2.8407,1.0,0.041667,2
inst_bf5dcb3cc1c48794_939,0.085714,0.048,0.037,0.916,0.1531,0.071429,0.0,0.028571,first,3.2732,1.0,0.014286,1
inst_f440be1a7044396b_940,0.04,0.114,0.035,0.851,0.7964,0.032,0.0,0.032,first,3.0409,0.9143,0.008,1
inst_939661b21ab5f968_941,0.0,0.111,0.085,0.804,0.5267,0.043478,0.01087,0.01087,first,3.1895,0.9756,0.0,0
inst_0c48f0d0ce60d4a1_942,0.041667,0.0,0.0,1.0,0.0,0.083333,0.0,0.0,first,3.2767,0.7059,0.083333,4
inst_a66435aa3988a8b9_943,0.043478,0.094,0.042,0.864,0.25,0.108696,0.0,0.0,first,3.0822,0.9474,0.0,0
inst_47cac87902f4b177_944,0.081633,0.061,0.054,0.884,0.0772,0.081633,0.0,0.0,first,3.0061,1.0,0.0,0
inst_93280630f5ea4c6b_945,0.065217,0.0,0.123,0.877,-0.8591,0.01087,0.0,0.043478,third,3.0286,1.0,0.01087,1
inst_1f94d341ff05ce74_946,0.050505,0.178,0.085,0.737,0.7849,0.030303,0.010101,0.030303,first,2.9743,0.9211,0.010101,1
inst_7589dc3fbfa816e8_947,0.015873,0.114,0.097,0.788,0.0258,0.0,0.0,0.0,none,2.8448,0.9706,0.047619,3
inst_7df0c51ff62750b1_948,0.074074,0.051,0.045,0.903,0.0772,0.055556,0.0,0.037037,first,3.3173,0.9286,0.037037,2
inst_cdfd688daf70be76_949,0.072165,0.229,0.021,0.75,0.9546,0.164948,0.0,0.010309,first,2.8592,0.9512,0.041237,4
inst_b385cd88ffa7fd24_950,0.04386,0.068,0.186,0.746,-0.9274,0.0,0.0,0.017544,third,3.0995,0.9149,0.0,0
inst_ec8ff7e571b8bc7e_951,0.058824,0.0,0.0,1.0,0.0,0.0,0.0,0.0,none,3.9941,0.8947,0.019608,1
inst_5a3fad21c68e9637_952,0.014706,0.098,0.036,0.866,0.5709,0.058824,0.029412,0.014706,first,3.1467,0.871,0.014706,1
inst_2c9f23139f7b219a_953,0.0,0.108,0.091,0.801,0.3802,0.0,0.0,0.018349,third,2.89,0.9773,0.0,0
inst_0d0a9aaafb539690_954,0.060773,0.032,0.046,0.923,-0.3057,0.01105,0.0,0.022099,third,3.3722,0.92,0.005525,1
inst_44b338332a8ccc38_955,0.019231,0.17,0.0,0.83,0.7783,0.0,0.0,0.057692,third,3.6468,1.0,0.019231,1
inst_15f1cb11a5feaba8_956,0.0,0.074,0.036,0.89,0.2484,0.017857,0.0,0.017857,first,2.9233,1.0,0.035714,2
inst_b8493327a60888df_957,0.03937,0.0,0.234,0.766,-0.9732,0.015748,0.007874,0.031496,third,3.3145,0.94,0.0,0
inst_600fc9de43463a4b_958,0.045455,0.039,0.025,0.936,0.2023,0.0,0.0,0.0,none,3.6331,1.0,0.015152,1
inst_12fb45e7319df81f_959,0.066667,0.181,0.0,0.819,0.8807,0.0,0.0,0.0,none,3.6326,0.8636,0.0,0
inst_447dea7a1d33c469_960,0.097561,0.223,0.0,0.777,0.8481,0.0,0.0,0.073171,third,3.8055,0.9167,0.02439,1
inst_c4a0760ef0b9091f_961,0.02,0.0,0.0,1.0,0.0,0.02,0.02,0.08,third,3.2043,1.0,0.02,1
inst_0a00514ee62d13ef_962,0.013889,0.044,0.056,0.899,0.0516,0.0,0.0,0.013889,third,3.1024,0.8529,0.0,0
inst_e82af8d3a4af8618_963,0.040541,0.031,0.036,0.933,-0.0772,0.013514,0.0,0.0,first,3.1237,0.7742,0.0,0
inst_65a0af7b5d1cc54d_964,0.060606,0.267,0.035,0.698,0.9515,0.106061,0.0,0.015152,first,3.1025,0.96,0.030303,2
inst_8123d70be689d26c_965,0.05,0.103,0.0,0.897,0.7425,0.0,0.0,0.025,third,3.5197,0.9667,0.025,2
inst_a102f45956fd6fc5_966,0.019608,0.15,0.0,0.85,0.765,0.0,0.0,0.058824,third,2.9912,1.0,0.019608,1
inst_1eb0cd7dfdfdd564_967,0.021978,0.123,0.0,0.877,0.8176,0.0,0.0,0.0,none,2.9,0.9677,0.0,0
inst_75b789be47b852e4_968,0.0,0.0,0.121,0.879,-0.7003,0.018868,0.0,0.09434,third,3.4857,1.0,0.018868,1
inst_737c8566f56778fc_969,0.038961,0.035,0.071,0.895,-0.3612,0.038961,0.0,0.025974,first,2.879,0.9355,0.012987,1
inst_693ec9785660e235_970,0.14,0.209,0.064,0.726,0.8115,0.0,0.0,0.1,third,3.1558,1.0,0.0,0
inst_1f5a40c85b2f6a95_971,0.038462,0.237,0.0,0.763,0.9034,0.057692,0.0,0.038462,first,2.7147,0.95,0.0,0
inst_cb10eadef233d192_972,0.086957,0.018,0.155,0.826,-0.852,0.115942,0.0,0.0,first,2.9417,0.9677,0.014493,1
inst_d110b59f80f9593c_973,0.098039,0.023,0.068,0.909,-0.4767,0.0,0.0,0.098039,third,3.8567,0.8182,0.019608,1
inst_fd3b36a1dfc84abe_974,0.009346,0.168,0.122,0.709,0.5732,0.084112,0.0,0.0,first,2.754,0.9574,0.0,0
inst_bc533dac7f93b7f6_975,0.042254,0.035,0.063,0.902,-0.2033,0.042254,0.014085,0.014085,first,3.0262,0.96,0.014085,1
inst_c702e498e889cd01_976,0.065574,0.0,0.036,0.964,-0.25,0.0,0.0,0.04918,third,3.1963,1.0,0.016393,1
inst_4898c683ea577a32_977,0.055556,0.089,0.097,0.813,0.128,0.0,0.0,0.013889,third,3.3646,1.0,0.027778,2
inst_58f03537d8b6d46f_978,0.0,0.41,0.0,0.59,0.9431,0.0,0.0,0.0,none,3.41,1.0,0.0,0
inst_7f1dd8ce13d925d7_979,0.071429,0.106,0.0,0.894,0.5661,0.047619,0.0,0.047619,first,3.2287,1.0,0.02381,1
inst_e505c6df725616b6_980,0.067797,0.0,0.077,0.923,-0.5267,0.016949,0.0,0.050847,third,2.7318,0.9565,0.0,0
inst_f8715bf42a360010_981,0.0,0.091,0.0,0.909,0.7351,0.025974,0.0,0.012987,first,3.1703,0.9143,0.0,0
inst_92363d28d4da95b7_982,0.140845,0.0,0.071,0.929,-0.6392,0.084507,0.0,0.028169,first,2.9203,1.0,0.014085,1
inst_ab50326d4ca407c2_983,0.0,0.147,0.065,0.788,0.4601,0.0,0.0,0.0,none,3.7584,0.95,0.025641,1
inst_4be74950a7b6bc90_984,0.02439,0.0,0.091,0.909,-0.34,0.0,0.0,0.02439,third,4.2275,0.6667,0.0,0
inst_8e91780911500ae9_985,0.025641,0.05,0.0,0.95,0.6171,0.0,0.0,0.042735,third,3.3378,0.9487,0.051282,6
inst_eef04927f73c8b89_986,0.0875,0.078,0.166,0.756,-0.8481,0.0,0.0,0.0375,third,2.7359,1.0,0.0,0
inst_2ae99427eb2af834_987,0.064286,0.166,0.065,0.77,0.9169,0.057143,0.0,0.007143,first,3.2266,0.9595,0.007143,1
inst_7e03a6cccedf486f_988,0.018182,0.082,0.072,0.846,0.1279,0.018182,0.018182,0.0,first,3.2077,1.0,0.036364,2
inst_8e6c96bd37787fdb_989,0.018868,0.042,0.0,0.958,0.2023,0.0,0.0,0.037736,third,3.2694,0.9444,0.037736,2
inst_32e30cf6e6c6f38d_990,0.067669,0.031,0.111,0.858,-0.8455,0.007519,0.007519,0.007519,first,2.8951,1.0,0.022556,3
inst_1fa44b9bc917efde_991,0.0,0.019,0.068,0.913,-0.5175,0.0,0.0,0.0,none,3.4897,1.0,0.0,0
inst_77351e9ad0c830cc_992,0.0,0.412,0.0,0.588,0.7097,0.0,0.0,0.0,none,2.6075,1.0,0.083333,1
inst_3c1196e7827461e4_993,0.092105,0.053,0.093,0.854,-0.428,0.0,0.0,0.065789,third,3.3552,1.0,0.013158,1
inst_5798472c8cba15d4_994,0.05814,0.1,0.054,0.847,0.8395,0.046512,0.0,0.005814,first,3.4443,0.9848,0.0,0
inst_30088d7987ec449a_995,0.132353,0.187,0.0,0.813,0.9059,0.029412,0.0,0.058824,third,2.6175,1.0,0.0,0
inst_ecdd2de15bedcfb1_996,0.107143,0.043,0.096,0.861,-0.4019,0.0,0.0,0.017857,third,3.4944,1.0,0.0,0
inst_5e1438436d5b0505_997,0.089286,0.09,0.107,0.803,-0.2263,0.071429,0.017857,0.0,first,3.1567,0.931,0.035714,2
inst_9090af3609c6508e_998,0.102564,0.0,0.097,0.903,-0.802,0.0,0.0,0.012821,third,3.3779,1.0,0.012821,1
inst_b620072ae2060b20_999,0.12,0.083,0.128,0.789,-0.5423,0.02,0.0,0.05,third,3.123,1.0,0.01,1
inst_3af0b4e55a0e89d9_1000,0.081967,0.101,0.044,0.856,0.4588,0.016393,0.0,0.065574,third,2.7412,1.0,0.0,0
inst_2a72a8623cc5ccc7_1001,0.047619,0.076,0.102,0.822,-0.0258,0.02381,0.0,0.047619,third,2.9023,1.0,0.011905,1
inst_77a47f809b310965_1002,0.135593,0.172,0.153,0.675,0.332,0.050847,0.0,0.016949,first,3.1208,1.0,0.0,0
inst_758686ac0b028220_1003,0.081081,0.0,0.076,0.924,-0.6486,0.0,0.0,0.0,none,3.3547,1.0,0.040541,3
inst_d446760023e8ba8d_1004,0.016393,0.056,0.0,0.944,0.4701,0.04918,0.0,0.0,first,2.9615,1.0,0.0,0
inst_a5f8214cffc87aca_1005,0.058824,0.071,0.0,0.929,0.4939,0.078431,0.0,0.078431,first,3.4194,1.0,0.0,0
inst_5fd7de0dde9cafce_1006,0.066667,0.114,0.043,0.843,0.5859,0.0,0.0,0.066667,third,3.4945,1.0,0.066667,4
inst_be5a29e14345f37e_1007,0.0,0.0,0.0,1.0,0.0,0.0,0.0,0.0,none,3.9264,0.9259,0.0,0
inst_86faca3526f45cb4_1008,0.101449,0.0,0.0,1.0,0.0,0.130435,0.0,0.014493,first,3.6067,1.0,0.028986,2
inst_f406bd354ba09b69_1009,0.034483,0.219,0.0,0.781,0.9116,0.051724,0.0,0.051724,first,2.75,0.9583,0.0,0
inst_bffc39a61885fd7e_1010,0.0,0.04,0.077,0.883,-0.4019,0.0,0.018519,0.037037,third,3.38,0.8,0.055556,3
inst_2dbbf5baf77ed412_1011,0.0,0.0,0.096,0.904,-0.6486,0.0,0.0,0.017241,third,3.07,0.9062,0.0,0
inst_0f64e4acbaffce1e_1012,0.027397,0.089,0.064,0.847,0.4215,0.0,0.0,0.041096,third,2.7925,0.9231,0.0,0
inst_60aacc0610ce0111_1013,0.081633,0.0,0.0,1.0,0.0,0.0,0.0,0.020408,third,2.516,0.5556,0.081633,4
inst_ef073e1f2ff97973_1014,0.052632,0.039,0.071,0.89,-0.1655,0.035088,0.0,0.035088,first,2.9836,0.9565,0.0,0
inst_e8407ad462d1a868_1015,0.047619,0.147,0.069,0.784,0.8176,0.0,0.0,0.071429,third,3.0646,0.8889,0.02381,2
inst_47324ced8e83c4a4_1016,0.071429,0.075,0.03,0.895,0.5256,0.035714,0.0,0.026786,first,3.0329,0.9444,0.008929,1
inst_1f0f767ef95942e4_1017,0.071429,0.062,0.0,0.938,0.4767,0.0,0.0,0.014286,third,3.3764,1.0,0.014286,1
inst_c0147e065bec6712_1018,0.031746,0.047,0.0,0.953,0.3612,0.063492,0.0,0.047619,first,2.9495,1.0,0.0,0
inst_e0faddae787c3f1e_1019,0.0,0.0,0.0,1.0,0.0,0.0,0.0,0.0,none,,0.0,0.0,0
inst_088aa9f445b6892b_1020,0.078947,0.0,0.09,0.91,-0.7003,0.039474,0.0,0.039474,first,3.4833,1.0,0.013158,1
inst_d51459eeb8362f6e_1021,0.1,0.0,0.341,0.659,-0.8042,0.0,0.0,0.05,third,2.5944,1.0,0.05,1
inst_05a89090de77d7df_1022,0.074074,0.042,0.167,0.791,-0.7469,0.0,0.0,0.074074,third,3.3024,1.0,0.0,0
inst_6ff542ed30a6fba6_1023,0.0,0.136,0.0,0.864,0.7269,0.0,0.0,0.0,none,3.8559,1.0,0.071429,4
inst_12ca5725e13059a6_1024,0.054545,0.037,0.0,0.963,0.1531,0.0,0.0,0.0,none,3.4906,0.9412,0.018182,1
inst_87bbb758b3a9cfab_1025,0.068493,0.03,0.082,0.888,-0.4767,0.054795,0.0,0.041096,first,3.798,1.0,0.0,0
inst_98ad89eae5499d94_1026,0.054545,0.023,0.09,0.887,-0.7579,0.0,0.0,0.018182,third,3.0431,0.975,0.009091,1
inst_5897210b86ee29b3_1027,0.051282,0.051,0.022,0.928,0.4767,0.008547,0.0,0.008547,first,3.2343,0.9722,0.008547,1
inst_9ee3314a77e8ad20_1028,0.073171,0.089,0.144,0.767,-0.5106,0.0,0.02439,0.04878,third,3.4059,1.0,0.0,0
inst_1ced7bb66c26edc1_1029,0.032258,0.166,0.155,0.679,-0.3191,0.048387,0.0,0.016129,first,3.1132,1.0,0.032258,2
inst_00711e383de4a42f_1030,0.134831,0.063,0.052,0.885,0.2263,0.089888,0.0,0.067416,first,3.7812,0.9143,0.0,0
inst_23c5d53688a30507_1031,0.0,0.134,0.067,0.799,0.5357,0.068493,0.0,0.013699,first,2.6791,0.8462,0.0,0
inst_71023ae7e61a3d12_1032,0.050847,0.194,0.0,0.806,0.8625,0.0,0.0,0.033898,third,3.1681,0.9545,0.016949,1
inst_dac15036e82318f7_1033,0.047619,0.078,0.166,0.756,-0.8176,0.0,0.0,0.011905,third,3.2567,0.9643,0.02381,2
inst_f592697b71076a90_1034,0.021505,0.117,0.0,0.883,0.836,0.086022,0.0,0.043011,first,2.9958,0.9744,0.021505,2
inst_078c4ed49c79103b_1035,0.102041,0.119,0.2,0.681,-0.6486,0.0,0.0,0.081633,third,2.9274,1.0,0.020408,1
inst_f527ec7f10105ae2_1036,0.044776,0.087,0.079,0.835,0.128,0.014925,0.0,0.014925,first,3.0046,1.0,0.014925,1
inst_728bcc244240b187_1037,0.067797,0.201,0.0,0.799,0.8697,0.050847,0.0,0.0,first,3.3486,0.9545,0.016949,1
inst_d977b7f9a52454c0_1038,0.085714,0.277,0.0,0.723,0.8699,0.057143,0.0,0.0,first,2.936,0.9091,0.0,0
inst_28e438d5858db92a_1039,0.0625,0.174,0.0,0.826,0.9371,0.010417,0.0,0.052083,third,3.1979,0.9167,0.0,0
inst_8a5218a611b480e5_1040,0.027778,0.021,0.041,0.938,-0.1068,0.0,0.013889,0.013889,second,3.3648,0.9429,0.041667,3
inst_2f87928892972c38_1041,0.115385,0.229,0.035,0.736,0.8881,0.038462,0.019231,0.153846,third,3.0445,1.0,0.0,0
inst_02d9534030132777_1042,0.078125,0.266,0.0,0.734,0.9468,0.0,0.0,0.109375,third,3.2971,1.0,0.015625,1
inst_a1c1631892a11c37_1043,0.063636,0.037,0.113,0.85,-0.7845,0.0,0.0,0.009091,third,3.3937,0.9302,0.045455,5
inst_505def0a97219d89_1044,0.0,0.0,0.0,1.0,0.0,0.0,0.0,0.0,none,4.31,0.0667,0.0,0
inst_892837abe4d696e8_1045,0.037383,0.097,0.0,0.903,0.8591,0.0,0.0,0.037383,third,3.1217,1.0,0.028037,3
inst_08b4e4a65b5a196b_1046,0.0625,0.0,0.226,0.774,-0.9612,0.0375,0.025,0.0375,first,2.9989,0.931,0.0125,1
inst_a3f386932bc8fa62_1047,0.081967,0.074,0.0,0.926,0.5719,0.0,0.0,0.04918,third,3.2871,1.0,0.065574,4
inst_d70289cbb7e0bab7_1048,0.103448,0.115,0.067,0.818,0.5574,0.0,0.0,0.034483,third,3.2178,0.9643,0.034483,2
inst_5fbbbfc3ebcb413d_1049,0.015873,0.036,0.156,0.808,-0.8403,0.031746,0.015873,0.015873,first,3.2354,0.9286,0.0,0
inst_29a0683c42128892_1050,0.064516,0.0,0.085,0.915,-0.7184,0.0,0.0,0.021505,third,3.3587,0.9394,0.0,0
inst_23a0416863a129dd_1051,0.0625,0.086,0.036,0.878,0.4404,0.015625,0.0,0.046875,third,3.5879,1.0,0.0,0
inst_9929b7ed9b397303_1052,0.057692,0.0,0.103,0.897,-0.5574,0.038462,0.0,0.0,first,2.8829,0.9333,0.0,0
inst_4ad02e64a64b6f44_1053,0.041667,0.122,0.078,0.8,0.4939,0.0,0.0,0.0,none,3.585,1.0,0.041667,2
inst_a9f941f623e3e097_1054,0.013889,0.0,0.169,0.831,-0.8625,0.027778,0.013889,0.027778,first,3.2557,1.0,0.027778,2
inst_4a9107ec00028361_1055,0.018519,0.147,0.03,0.823,0.5719,0.092593,0.037037,0.0,first,2.6233,1.0,0.0,0
inst_a296af0b68c914ec_1056,0.134146,0.065,0.072,0.863,-0.1226,0.04878,0.0,0.146341,third,2.9973,0.9677,0.012195,1
inst_17fee9f827b4fa7c_1057,0.044776,0.046,0.043,0.91,0.0444,0.059701,0.0,0.074627,third,3.0167,1.0,0.0,0
inst_bfccd4593d57370c_1058,0.134615,0.157,0.049,0.794,0.4588,0.0,0.0,0.096154,third,2.9954,1.0,0.019231,1
inst_f7a4701645dc9b2c_1059,0.0,0.147,0.049,0.804,0.8268,0.0,0.045455,0.022727,second,2.5112,1.0,0.0,0
inst_826f5b1ed13e7307_1060,0.054545,0.168,0.014,0.818,0.9156,0.036364,0.0,0.018182,first,3.0438,1.0,0.009091,1
inst_9c33876855c28d1f_1061,0.075949,0.0,0.045,0.955,-0.4497,0.0,0.0,0.063291,third,3.2222,0.9697,0.0,0
inst_5694dde6773d3a26_1062,0.040541,0.122,0.084,0.794,0.5659,0.094595,0.0,0.013514,first,2.84,0.9667,0.027027,2
inst_3b1f7c352df5f37b_1063,0.039216,0.377,0.032,0.591,0.9915,0.0,0.0,0.029412,third,2.9507,1.0,0.0,0
inst_bd2995cd1631a93f_1064,0.064516,0.0,0.0,1.0,0.0,0.0,0.0,0.032258,third,2.9409,0.9167,0.064516,6
inst_a00d483cf2383e72_1065,0.0,0.0,0.064,0.936,-0.0762,0.0,0.0,0.0,none,3.5211,1.0,0.0,0
inst_c1cc13fed351ee21_1066,0.030612,0.064,0.078,0.858,-0.2702,0.091837,0.0,0.05102,first,2.9746,0.9487,0.0,0
inst_36eaa5df534920a0_1067,0.09375,0.043,0.0,0.957,0.3612,0.0625,0.0,0.0625,first,2.9333,1.0,0.0,0
inst_5b51bda06a572e04_1068,0.089286,0.166,0.0,0.834,0.839,0.071429,0.0,0.071429,first,2.7581,0.9545,0.017857,1
inst_4c57f79fb2cdc719_1069,0.045455,0.238,0.042,0.72,0.9022,0.0,0.0,0.060606,third,3.1354,1.0,0.0,0
inst_9b1707488a31a6a2_1070,0.02,0.049,0.0,0.951,0.296,0.0,0.0,0.04,third,3.2595,1.0,0.06,3
inst_59c49a5891d8c49c_1071,0.0625,0.216,0.0,0.784,0.8805,0.0625,0.0,0.0,first,3.3025,0.9412,0.020833,1
